{
    "custom.crab.damage": {
        "subtitle": "Unknown sound",
        "replace": false,
        "sounds": [
            {
                "name": "custom/crab sound",
                "volume": 1,
                "weight": 1,
                "pitch": 1,
                "attenuation_distance": 16,
                "stream": false,
                "preload": false
            }
        ]
    },
    "custom.deer.damage": {
        "subtitle": "Unknown sound",
        "replace": false,
        "sounds": [
            {
                "name": "custom/deer",
                "volume": 1,
                "weight": 1,
                "pitch": 1,
                "attenuation_distance": 16,
                "stream": false,
                "preload": false
            }
        ]
    },
    "custom.pingu.damage": {
        "subtitle": "Unknown sound",
        "replace": false,
        "sounds": [
            {
                "name": "custom/pingu ger",
                "volume": 1,
                "weight": 1,
                "pitch": 1,
                "attenuation_distance": 16,
                "stream": false,
                "preload": false
            }
        ]
    },
    "custom.snake.damage": {
        "subtitle": "Unknown sound",
        "replace": false,
        "sounds": [
            {
                "name": "custom/snake",
                "volume": 1,
                "weight": 1,
                "pitch": 1,
                "attenuation_distance": 16,
                "stream": false,
                "preload": false
            }
        ]
    },
    "custom.snake.bite": {
        "subtitle": "Unknown sound",
        "replace": false,
        "sounds": [
            {
                "name": "custom/sanke",
                "volume": 1,
                "weight": 1,
                "pitch": 1,
                "attenuation_distance": 16,
                "stream": false,
                "preload": false
            }
        ]
    },
    "custom.snake.attack": {
        "subtitle": "Unknown sound",
        "replace": false,
        "sounds": [
            {
                "name": "custom/snake-attack-sound-effects",
                "volume": 1,
                "weight": 1,
                "pitch": 1,
                "attenuation_distance": 16,
                "stream": false,
                "preload": false
            }
        ]
    }
}
