{
	"credit": "Made with Blockbench",
	"textures": {
		"0": "custom/rot",
		"particle": "custom/rot"
	},
	"elements": [
		{
			"from": [5.25, 1.5, 5.05],
			"to": [10, 2.1, 10.65],
			"faces": {
				"north": {"uv": [0, 0, 16, 4], "texture": "#0"},
				"east": {"uv": [0, 0, 16, 3], "texture": "#0"},
				"south": {"uv": [0, 0, 16, 4], "texture": "#0"},
				"west": {"uv": [0, 0, 16, 3], "texture": "#0"},
				"up": {"uv": [8, 6, 0, 0], "texture": "#0"},
				"down": {"uv": [16, 0, 0, 16], "texture": "#0"}
			}
		},
		{
			"from": [10, 1.5, 5.55],
			"to": [10.25, 2.1, 10.15],
			"faces": {
				"north": {"uv": [0, 0, 4, 4], "texture": "#0"},
				"east": {"uv": [0, 0, 15, 3], "texture": "#0"},
				"south": {"uv": [0, 0, 4, 4], "texture": "#0"},
				"west": {"uv": [1, 5, 7, 6], "texture": "#0"},
				"up": {"uv": [8, 6, 0, 0], "texture": "#0"},
				"down": {"uv": [3, 0, 0, 16], "texture": "#0"}
			}
		},
		{
			"from": [9.75, 2, 5.05],
			"to": [10.5, 2.6, 10.65],
			"faces": {
				"north": {"uv": [0, 0, 3, 3], "texture": "#0"},
				"east": {"uv": [0, 0, 16, 2], "texture": "#0"},
				"south": {"uv": [0, 0, 3, 3], "texture": "#0"},
				"west": {"uv": [1, 5, 7, 6], "texture": "#0"},
				"up": {"uv": [16, 16, 13, 0], "texture": "#0"},
				"down": {"uv": [16, 0, 0, 16], "texture": "#0"}
			}
		},
		{
			"from": [5, 1.75, 4.8],
			"to": [9.75, 2.6, 10.9],
			"faces": {
				"north": {"uv": [0, 0, 16, 3], "texture": "#0"},
				"east": {"uv": [0, 0, 16, 16], "texture": "#0"},
				"south": {"uv": [0, 0, 16, 3], "texture": "#0"},
				"west": {"uv": [0, 0, 16, 3], "texture": "#0"},
				"up": {"uv": [16, 16, 0, 0], "texture": "#0"},
				"down": {"uv": [16, 0, 0, 16], "texture": "#0"}
			}
		},
		{
			"from": [4.75, 2.35, 6],
			"to": [5.5, 3.75, 7],
			"faces": {
				"north": {"uv": [12, 0, 16, 6.4], "texture": "#0"},
				"east": {"uv": [12, 0, 16, 6.4], "texture": "#0"},
				"south": {"uv": [16, 6.6, 12, 0], "texture": "#0"},
				"west": {"uv": [12, 0, 16, 6.65], "texture": "#0"},
				"up": {"uv": [0, 0, 4, 4], "texture": "#0"},
				"down": {"uv": [6, 8, 9, 12], "texture": "#0"}
			}
		},
		{
			"from": [4.75, 2.35, 8.7],
			"to": [5.5, 3.75, 9.7],
			"faces": {
				"north": {"uv": [12, 0, 16, 6.4], "texture": "#0"},
				"east": {"uv": [12, 0, 16, 6.4], "texture": "#0"},
				"south": {"uv": [16, 6.6, 12, 0], "texture": "#0"},
				"west": {"uv": [16, 0, 12, 6.65], "texture": "#0"},
				"up": {"uv": [0, 0, 4, 4], "texture": "#0"},
				"down": {"uv": [2, 8, 5, 12], "texture": "#0"}
			}
		},
		{
			"from": [4.7, 2.5, 6.15],
			"to": [4.95, 3.65, 6.9],
			"faces": {
				"north": {"uv": [12, 0, 16, 6.4], "texture": "#0"},
				"east": {"uv": [12, 0, 16, 6.4], "texture": "#0"},
				"south": {"uv": [16, 6.6, 12, 0], "texture": "#0"},
				"west": {"uv": [1, 1, 14, 13.9], "texture": "#0"},
				"up": {"uv": [0, 0, 4, 4], "texture": "#0"},
				"down": {"uv": [6, 8, 9, 12], "texture": "#0"}
			}
		},
		{
			"from": [4.7, 2.5, 8.85],
			"to": [4.95, 3.65, 9.6],
			"faces": {
				"north": {"uv": [12, 0, 16, 6.4], "texture": "#0"},
				"east": {"uv": [12, 0, 16, 6.4], "texture": "#0"},
				"south": {"uv": [16, 6.6, 12, 0], "texture": "#0"},
				"west": {"uv": [14, 1, 1, 14], "texture": "#0"},
				"up": {"uv": [0, 0, 4, 4], "texture": "#0"},
				"down": {"uv": [6, 8, 9, 12], "texture": "#0"}
			}
		},
		{
			"from": [5, -0.8, 12.1],
			"to": [6, 3, 12.9],
			"rotation": {"angle": 0, "axis": "x", "origin": [5.5, 2.5, 13]},
			"faces": {
				"north": {"uv": [0, 0, 16, 16], "rotation": 180, "texture": "#0"},
				"east": {"uv": [0, 0, 16, 3], "rotation": 270, "texture": "#0"},
				"south": {"uv": [0, 0, 5, 16], "texture": "#0"},
				"west": {"uv": [0, 0, 16, 3], "rotation": 90, "texture": "#0"},
				"up": {"uv": [0, 0, 5, 3], "rotation": 180, "texture": "#0"},
				"down": {"uv": [0, 0, 5, 3], "texture": "#0"}
			}
		},
		{
			"from": [7.1, -0.8, 12.1],
			"to": [8.1, 3, 12.9],
			"rotation": {"angle": 0, "axis": "x", "origin": [5.5, 2.5, 13]},
			"faces": {
				"north": {"uv": [0, 0, 16, 16], "rotation": 180, "texture": "#0"},
				"east": {"uv": [0, 0, 16, 3], "rotation": 270, "texture": "#0"},
				"south": {"uv": [0, 0, 5, 16], "texture": "#0"},
				"west": {"uv": [0, 0, 16, 3], "rotation": 90, "texture": "#0"},
				"up": {"uv": [0, 0, 5, 3], "rotation": 180, "texture": "#0"},
				"down": {"uv": [0, 0, 5, 3], "texture": "#0"}
			}
		},
		{
			"from": [9.2, -0.8, 12.1],
			"to": [10.2, 3, 12.9],
			"rotation": {"angle": 0, "axis": "x", "origin": [5.5, 2.5, 13]},
			"faces": {
				"north": {"uv": [0, 0, 16, 16], "rotation": 180, "texture": "#0"},
				"east": {"uv": [0, 0, 16, 3], "rotation": 270, "texture": "#0"},
				"south": {"uv": [0, 0, 5, 16], "texture": "#0"},
				"west": {"uv": [0, 0, 16, 3], "rotation": 90, "texture": "#0"},
				"up": {"uv": [0, 0, 5, 3], "rotation": 180, "texture": "#0"},
				"down": {"uv": [0, 0, 2, 0], "texture": "#0"}
			}
		},
		{
			"from": [9.2, -0.7435, 2.42269],
			"to": [10.2, 3.0565, 3.22269],
			"rotation": {"angle": 0, "axis": "y", "origin": [9.7, 1.1565, 2.32269]},
			"faces": {
				"north": {"uv": [0, 0, 5, 16], "rotation": 180, "texture": "#0"},
				"east": {"uv": [0, 0, 16, 3], "rotation": 90, "texture": "#0"},
				"south": {"uv": [0, 0, 16, 16], "texture": "#0"},
				"west": {"uv": [0, 0, 16, 3], "rotation": 270, "texture": "#0"},
				"up": {"uv": [0, 0, 5, 3], "texture": "#0"},
				"down": {"uv": [0, 0, 5, 3], "rotation": 180, "texture": "#0"}
			}
		},
		{
			"from": [7.1, -0.7435, 2.42269],
			"to": [8.1, 3.0565, 3.22269],
			"rotation": {"angle": 0, "axis": "y", "origin": [9.7, 1.1565, 2.32269]},
			"faces": {
				"north": {"uv": [0, 0, 5, 16], "rotation": 180, "texture": "#0"},
				"east": {"uv": [0, 0, 16, 3], "rotation": 90, "texture": "#0"},
				"south": {"uv": [0, 0, 16, 16], "texture": "#0"},
				"west": {"uv": [0, 0, 16, 3], "rotation": 270, "texture": "#0"},
				"up": {"uv": [0, 0, 5, 3], "texture": "#0"},
				"down": {"uv": [0, 0, 5, 3], "rotation": 180, "texture": "#0"}
			}
		},
		{
			"from": [4.9, -0.7435, 2.42269],
			"to": [5.9, 3.0565, 3.22269],
			"rotation": {"angle": 0, "axis": "y", "origin": [9.7, 1.1565, 2.32269]},
			"faces": {
				"north": {"uv": [0, 0, 5, 16], "rotation": 180, "texture": "#0"},
				"east": {"uv": [0, 0, 16, 3], "rotation": 90, "texture": "#0"},
				"south": {"uv": [0, 0, 16, 16], "texture": "#0"},
				"west": {"uv": [0, 0, 16, 3], "rotation": 270, "texture": "#0"},
				"up": {"uv": [0, 0, 5, 3], "texture": "#0"},
				"down": {"uv": [0, 0, 1, 0], "rotation": 180, "texture": "#0"}
			}
		},
		{
			"from": [7.1, 1.5, 10.8],
			"to": [8.1, 2.2, 12.9],
			"rotation": {"angle": -22.5, "axis": "x", "origin": [8.3, 1.7, 11.3]},
			"faces": {
				"north": {"uv": [0, 0, 5, 3], "texture": "#0"},
				"east": {"uv": [0, 0, 16, 3], "texture": "#0"},
				"south": {"uv": [0, 0, 5, 3], "texture": "#0"},
				"west": {"uv": [0, 0, 16, 3], "texture": "#0"},
				"up": {"uv": [0, 0, 5, 16], "texture": "#0"},
				"down": {"uv": [0, 0, 16, 16], "texture": "#0"}
			}
		},
		{
			"from": [9.2, 1.5, 10.8],
			"to": [10.2, 2.2, 12.9],
			"rotation": {"angle": -22.5, "axis": "x", "origin": [8.3, 1.7, 11.3]},
			"faces": {
				"north": {"uv": [0, 0, 5, 3], "texture": "#0"},
				"east": {"uv": [0, 0, 16, 3], "texture": "#0"},
				"south": {"uv": [0, 0, 5, 3], "texture": "#0"},
				"west": {"uv": [0, 0, 16, 3], "texture": "#0"},
				"up": {"uv": [0, 0, 5, 16], "texture": "#0"},
				"down": {"uv": [0, 0, 16, 16], "texture": "#0"}
			}
		},
		{
			"from": [9.2, 1.69191, 3.08552],
			"to": [10.2, 2.39191, 5.18552],
			"rotation": {"angle": 22.5, "axis": "x", "origin": [9.7, 2.14191, 4.13552]},
			"faces": {
				"north": {"uv": [0, 0, 5, 3], "texture": "#0"},
				"east": {"uv": [0, 0, 16, 3], "texture": "#0"},
				"south": {"uv": [0, 0, 5, 3], "texture": "#0"},
				"west": {"uv": [0, 0, 16, 3], "texture": "#0"},
				"up": {"uv": [0, 0, 5, 16], "texture": "#0"},
				"down": {"uv": [0, 0, 16, 16], "texture": "#0"}
			}
		},
		{
			"from": [7.1, 1.69191, 3.08552],
			"to": [8.1, 2.39191, 5.18552],
			"rotation": {"angle": 22.5, "axis": "x", "origin": [9.7, 2.14191, 4.13552]},
			"faces": {
				"north": {"uv": [0, 0, 5, 3], "texture": "#0"},
				"east": {"uv": [0, 0, 16, 3], "texture": "#0"},
				"south": {"uv": [0, 0, 5, 3], "texture": "#0"},
				"west": {"uv": [0, 0, 16, 3], "texture": "#0"},
				"up": {"uv": [0, 0, 5, 16], "texture": "#0"},
				"down": {"uv": [0, 0, 16, 16], "texture": "#0"}
			}
		},
		{
			"from": [4.9, 1.69191, 3.08552],
			"to": [5.9, 2.39191, 5.18552],
			"rotation": {"angle": 22.5, "axis": "x", "origin": [9.7, 2.14191, 4.13552]},
			"faces": {
				"north": {"uv": [0, 0, 5, 3], "texture": "#0"},
				"east": {"uv": [0, 0, 16, 3], "texture": "#0"},
				"south": {"uv": [0, 0, 5, 3], "texture": "#0"},
				"west": {"uv": [0, 0, 16, 3], "texture": "#0"},
				"up": {"uv": [0, 0, 5, 16], "texture": "#0"},
				"down": {"uv": [0, 0, 16, 16], "texture": "#0"}
			}
		},
		{
			"from": [5, 1.5, 10.8],
			"to": [6, 2.2, 12.9],
			"rotation": {"angle": -22.5, "axis": "x", "origin": [8.3, 1.7, 11.3]},
			"faces": {
				"north": {"uv": [0, 0, 5, 3], "texture": "#0"},
				"east": {"uv": [0, 0, 16, 3], "texture": "#0"},
				"south": {"uv": [0, 0, 5, 3], "texture": "#0"},
				"west": {"uv": [0, 0, 16, 3], "texture": "#0"},
				"up": {"uv": [0, 0, 5, 16], "texture": "#0"},
				"down": {"uv": [0, 0, 16, 16], "texture": "#0"}
			}
		},
		{
			"from": [0.35, 1.6, 11.3],
			"to": [3.65, 2.15, 11.95],
			"rotation": {"angle": -45, "axis": "y", "origin": [5.5, 2.5, 13]},
			"faces": {
				"north": {"uv": [0, 0, 16, 3], "texture": "#0"},
				"east": {"uv": [0, 0, 5, 3], "texture": "#0"},
				"south": {"uv": [0, 0, 16, 3], "texture": "#0"},
				"west": {"uv": [0, 0, 5, 3], "texture": "#0"},
				"up": {"uv": [0, 0, 5, 16], "rotation": 270, "texture": "#0"},
				"down": {"uv": [0, 0, 16, 16], "rotation": 90, "texture": "#0"}
			}
		},
		{
			"from": [0.35, 1.6, 11.05],
			"to": [0.65, 2.15, 11.3],
			"rotation": {"angle": -45, "axis": "y", "origin": [5.5, 2.5, 13]},
			"faces": {
				"north": {"uv": [0, 0, 3, 16], "texture": "#0"},
				"east": {"uv": [0, 0, 5, 3], "texture": "#0"},
				"south": {"uv": [0, 0, 16, 3], "texture": "#0"},
				"west": {"uv": [0, 0, 5, 3], "texture": "#0"},
				"up": {"uv": [0, 0, 2, 2], "rotation": 270, "texture": "#0"},
				"down": {"uv": [0, 0, 2, 2], "rotation": 90, "texture": "#0"}
			}
		},
		{
			"from": [0.85, 1.6, 11.05],
			"to": [3.9, 2.15, 11.8],
			"rotation": {"angle": -45, "axis": "y", "origin": [5.5, 2.5, 13]},
			"faces": {
				"north": {"uv": [0, 0, 16, 3], "texture": "#0"},
				"east": {"uv": [0, 0, 5, 3], "texture": "#0"},
				"south": {"uv": [0, 0, 16, 3], "texture": "#0"},
				"west": {"uv": [0, 0, 5, 3], "texture": "#0"},
				"up": {"uv": [0, 0, 5, 16], "rotation": 270, "texture": "#0"},
				"down": {"uv": [0, 0, 16, 16], "rotation": 90, "texture": "#0"}
			}
		},
		{
			"from": [8.1, 1.6, 6.8],
			"to": [11.15, 2.15, 7.55],
			"rotation": {"angle": 45, "axis": "y", "origin": [5.5, 2.5, 13]},
			"faces": {
				"north": {"uv": [0, 0, 16, 3], "texture": "#0"},
				"east": {"uv": [0, 0, 5, 3], "texture": "#0"},
				"south": {"uv": [0, 0, 16, 3], "texture": "#0"},
				"west": {"uv": [0, 0, 5, 3], "texture": "#0"},
				"up": {"uv": [0, 0, 5, 16], "rotation": 270, "texture": "#0"},
				"down": {"uv": [0, 0, 16, 16], "rotation": 90, "texture": "#0"}
			}
		},
		{
			"from": [7.6, 1.6, 6.7],
			"to": [11.15, 2.15, 7.25],
			"rotation": {"angle": 45, "axis": "y", "origin": [5.5, 2.5, 13]},
			"faces": {
				"north": {"uv": [0, 0, 16, 3], "texture": "#0"},
				"east": {"uv": [0, 0, 5, 3], "texture": "#0"},
				"south": {"uv": [0, 0, 16, 3], "texture": "#0"},
				"west": {"uv": [0, 0, 5, 3], "texture": "#0"},
				"up": {"uv": [0, 0, 5, 16], "rotation": 270, "texture": "#0"},
				"down": {"uv": [0, 0, 16, 16], "rotation": 90, "texture": "#0"}
			}
		},
		{
			"from": [7.6, 1.6, 7.2],
			"to": [7.9, 2.15, 7.5],
			"rotation": {"angle": 45, "axis": "y", "origin": [5.5, 2.5, 13]},
			"faces": {
				"north": {"uv": [0, 0, 16, 3], "texture": "#0"},
				"east": {"uv": [0, 0, 5, 3], "texture": "#0"},
				"south": {"uv": [0, 0, 4, 16], "texture": "#0"},
				"west": {"uv": [0, 0, 5, 3], "texture": "#0"},
				"up": {"uv": [0, 0, 2, 2], "rotation": 270, "texture": "#0"},
				"down": {"uv": [0, 0, 2, 2], "rotation": 90, "texture": "#0"}
			}
		}
	],
	"display": {
		"head": {
			"rotation": [180, 0.5, 180],
			"translation": [0, -40.75, 0],
			"scale": [2, 2, 2]
		}
	},
	"groups": [
		{
			"name": "Körper bottom",
			"origin": [0, 0, 0],
			"color": 0,
			"children": [0, 1]
		},
		{
			"name": "Körper top",
			"origin": [0, 0, 0],
			"color": 3,
			"children": [2, 3]
		},
		{
			"name": "Augen",
			"origin": [8, 8, 8],
			"color": 1,
			"children": [4, 5, 6, 7]
		},
		{
			"name": "Füße",
			"origin": [8, 8, 8],
			"color": 2,
			"children": [8, 9, 10, 11, 12, 13, 14, 15, 16, 17, 18, 19]
		},
		{
			"name": "Arm Rechts",
			"origin": [0, 0, 0],
			"color": 0,
			"children": [20, 21, 22]
		},
		{
			"name": "Arme Links",
			"origin": [0, 0, 0],
			"color": 0,
			"children": [23, 24, 25]
		}
	]
}