{
	"parent": "item/generated",
	"textures": {
		"layer0": "item/flint"
	},

	"overrides": [
		{"predicate": {"custom_model_data":1}, "model": "item/crab1"},
		{"predicate": {"custom_model_data":2}, "model": "item/crab2"},
		{"predicate": {"custom_model_data":3}, "model": "item/crab3"},
    {"predicate": {"custom_model_data":4}, "model": "item/crab4"},
		{"predicate": {"custom_model_data":5}, "model": "item/hirsch"},
		{"predicate": {"custom_model_data":6}, "model": "item/hirsch10"},
		{"predicate": {"custom_model_data":7}, "model": "item/hirsch2"},
		{"predicate": {"custom_model_data":8}, "model": "item/hirsch3"},
		{"predicate": {"custom_model_data":9}, "model": "item/hirsch4"},
		{"predicate": {"custom_model_data":10}, "model": "item/hirsch5"},
		{"predicate": {"custom_model_data":11}, "model": "item/pingu1"},
		{"predicate": {"custom_model_data":12}, "model": "item/pingu2"},
		{"predicate": {"custom_model_data":13}, "model": "item/pingu3"},
		{"predicate": {"custom_model_data":14}, "model": "item/pingu4"},
		{"predicate": {"custom_model_data":15}, "model": "item/snake1"},
		{"predicate": {"custom_model_data":16}, "model": "item/snake2"},
		{"predicate": {"custom_model_data":17}, "model": "item/snake3"},
		{"predicate": {"custom_model_data":18}, "model": "item/snake4"},
		{"predicate": {"custom_model_data":19}, "model": "item/snake5"},
		{"predicate": {"custom_model_data":20}, "model": "item/snake6"},
		{"predicate": {"custom_model_data":21}, "model": "item/eidechse1"},
		{"predicate": {"custom_model_data":22}, "model": "item/eidechse2"},
		{"predicate": {"custom_model_data":23}, "model": "item/gorilla3"},
		{"predicate": {"custom_model_data":24}, "model": "item/gorilla2"},
		{"predicate": {"custom_model_data":25}, "model": "item/gorilla1"},
		{"predicate": {"custom_model_data":26}, "model": "item/gorilla4"}
	]
}
