{
	"credit": "Made with Blockbench",
	"textures": {
		"1": "custom/1",
		"2": "custom/Hande",
		"3": "custom/Auge",
		"4": "custom/Gorilla Mund"
	},
	"elements": [
		{
			"from": [11.5, 1.35, 9.05],
			"to": [14.6, 4.4, 12.35],
			"rotation": {"angle": -22.5, "axis": "z", "origin": [13.85, 2.65, 5.25]},
			"faces": {
				"north": {"uv": [0, 0, 16, 16], "texture": "#1"},
				"east": {"uv": [0, 0, 16, 16], "texture": "#1"},
				"south": {"uv": [0, 0, 16, 16], "texture": "#1"},
				"west": {"uv": [0, 0, 16, 16], "texture": "#1"},
				"up": {"uv": [0, 0, 16, 16], "texture": "#1"},
				"down": {"uv": [0, 0, 16, 16], "texture": "#1"}
			}
		},
		{
			"from": [10.9, -0.75, 9.05],
			"to": [14, 1.7, 12.35],
			"rotation": {"angle": -22.5, "axis": "z", "origin": [12.75, 1.175, 10.7]},
			"faces": {
				"north": {"uv": [0, 0, 16, 16], "texture": "#2"},
				"east": {"uv": [0, 0, 16, 16], "texture": "#2"},
				"south": {"uv": [0, 0, 16, 16], "texture": "#2"},
				"west": {"uv": [0, 0, 16, 16], "texture": "#2"},
				"up": {"uv": [0, 0, 16, 16], "texture": "#2"},
				"down": {"uv": [3, 12, 13, 16], "texture": "#2"}
			}
		},
		{
			"from": [11.17116, -0.06687, 3.65],
			"to": [14.27116, 2.48313, 6.95],
			"rotation": {"angle": 0, "axis": "z", "origin": [12.22116, 0.80813, 5.3]},
			"faces": {
				"north": {"uv": [0, 0, 16, 16], "texture": "#2"},
				"east": {"uv": [0, 0, 16, 16], "texture": "#2"},
				"south": {"uv": [0, 0, 16, 16], "texture": "#2"},
				"west": {"uv": [0, 0, 16, 16], "texture": "#2"},
				"up": {"uv": [0, 0, 16, 16], "texture": "#2"},
				"down": {"uv": [2, 13, 15, 16], "texture": "#2"}
			}
		},
		{
			"from": [11.5, 1.35, 3.6],
			"to": [14.6, 4.4, 6.9],
			"rotation": {"angle": -22.5, "axis": "z", "origin": [13.85, 2.65, 5.25]},
			"faces": {
				"north": {"uv": [0, 0, 16, 16], "texture": "#1"},
				"east": {"uv": [0, 0, 16, 16], "texture": "#1"},
				"south": {"uv": [0, 0, 16, 16], "texture": "#1"},
				"west": {"uv": [0, 0, 16, 16], "texture": "#1"},
				"up": {"uv": [0, 0, 16, 16], "texture": "#1"},
				"down": {"uv": [0, 0, 16, 16], "texture": "#1"}
			}
		},
		{
			"from": [-0.6, 7.35, -0.85],
			"to": [2.9, 15.85, 3],
			"rotation": {"angle": 22.5, "axis": "z", "origin": [3.85, 22.65, 1.075]},
			"faces": {
				"north": {"uv": [3, 0, 13, 11], "texture": "#1"},
				"east": {"uv": [13, 0, 3, 11], "texture": "#1"},
				"south": {"uv": [3, 0, 13, 11], "texture": "#1"},
				"west": {"uv": [13, 0, 3, 11], "texture": "#1"},
				"up": {"uv": [0, 0, 16, 15], "texture": "#1"},
				"down": {"uv": [0, 0, 16, 15], "texture": "#1"}
			}
		},
		{
			"from": [3.6, 2.75, -0.85],
			"to": [7.1, 9.75, 3],
			"rotation": {"angle": -22.5, "axis": "z", "origin": [3.85, 5.1125, 0.975]},
			"faces": {
				"north": {"uv": [13, 0, 3, 11], "texture": "#2"},
				"east": {"uv": [3, 0, 13, 11], "texture": "#2"},
				"south": {"uv": [13, 0, 3, 11], "texture": "#2"},
				"west": {"uv": [3, 0, 13, 11], "texture": "#2"},
				"up": {"uv": [0, 0, 16, 16], "texture": "#1"},
				"down": {"uv": [0, 0, 16, 16], "texture": "#1"}
			}
		},
		{
			"from": [4, 2.75, 12.95],
			"to": [7.5, 16.35, 16.8],
			"rotation": {"angle": 0, "axis": "z", "origin": [3.85, 5.1125, 14.775]},
			"faces": {
				"north": {"uv": [13, 0, 3, 11], "texture": "#2"},
				"east": {"uv": [3, 0, 13, 11], "texture": "#2"},
				"south": {"uv": [13, 0, 3, 11], "texture": "#2"},
				"west": {"uv": [3, 0, 13, 11], "texture": "#2"},
				"up": {"uv": [0, 0, 16, 16], "texture": "#1"},
				"down": {"uv": [0, 0, 16, 16], "texture": "#1"}
			}
		},
		{
			"from": [4.01249, 0.21904, 14.75],
			"to": [7.51249, 2.91904, 16.8],
			"rotation": {"angle": 0, "axis": "z", "origin": [3.76249, 0.98154, 14.875]},
			"faces": {
				"north": {"uv": [0, 13, 16, 16], "texture": "#2"},
				"east": {"uv": [0, 13, 16, 16], "texture": "#2"},
				"south": {"uv": [0, 13, 16, 16], "texture": "#2"},
				"west": {"uv": [0, 13, 16, 16], "texture": "#2"},
				"up": {"uv": [0, 0, 16, 16], "texture": "#1"},
				"down": {"uv": [0, 12, 16, 16], "texture": "#2"}
			}
		},
		{
			"from": [2.27352, -0.70454, -0.85],
			"to": [5.77352, 1.89546, 1],
			"rotation": {"angle": -22.5, "axis": "z", "origin": [5.72352, 1.30796, 1.075]},
			"faces": {
				"north": {"uv": [0, 12, 16, 16], "texture": "#2"},
				"east": {"uv": [0, 13, 16, 16], "texture": "#2"},
				"south": {"uv": [0, 12, 16, 16], "texture": "#2"},
				"west": {"uv": [0, 12, 16, 16], "texture": "#2"},
				"up": {"uv": [0, 12, 16, 16], "texture": "#2"},
				"down": {"uv": [0, 12, 16, 16], "texture": "#2"}
			}
		},
		{
			"from": [2.27352, -0.75454, 0.9],
			"to": [5.77352, 1.19546, 2.85],
			"rotation": {"angle": -22.5, "axis": "z", "origin": [5.72352, 1.30796, 1.075]},
			"faces": {
				"north": {"uv": [0, 0, 16, 16], "rotation": 180, "texture": "#1"},
				"east": {"uv": [0, 13, 16, 16], "rotation": 270, "texture": "#2"},
				"south": {"uv": [0, 12, 16, 16], "texture": "#2"},
				"west": {"uv": [0, 12, 16, 16], "rotation": 90, "texture": "#2"},
				"up": {"uv": [0, 12, 16, 16], "rotation": 180, "texture": "#2"},
				"down": {"uv": [0, 12, 16, 16], "texture": "#2"}
			}
		},
		{
			"from": [4.01249, 0.16904, 12.8],
			"to": [7.51249, 2.21904, 14.75],
			"rotation": {"angle": 0, "axis": "z", "origin": [3.76249, 0.98154, 14.875]},
			"faces": {
				"north": {"uv": [0, 12, 16, 16], "rotation": 180, "texture": "#2"},
				"east": {"uv": [0, 12, 16, 16], "rotation": 270, "texture": "#2"},
				"south": {"uv": [0, 0, 16, 16], "texture": "#1"},
				"west": {"uv": [0, 12, 16, 16], "rotation": 90, "texture": "#2"},
				"up": {"uv": [0, 12, 16, 16], "rotation": 180, "texture": "#2"},
				"down": {"uv": [0, 16, 16, 16], "texture": "#2"}
			}
		},
		{
			"from": [13, 4.3, 4],
			"to": [18, 11.1, 12],
			"rotation": {"angle": -22.5, "axis": "z", "origin": [15.5, 9.5, 8]},
			"faces": {
				"north": {"uv": [0, 0, 16, 12], "texture": "#2"},
				"east": {"uv": [0, 0, 16, 13], "texture": "#2"},
				"south": {"uv": [0, 0, 16, 12], "texture": "#2"},
				"west": {"uv": [0, 0, 16, 16], "texture": "#1"},
				"up": {"uv": [0, 0, 13, 14], "texture": "#1"},
				"down": {"uv": [0, 12, 16, 16], "texture": "#2"}
			}
		},
		{
			"from": [3, 6.8, 3],
			"to": [13, 14.5, 13],
			"rotation": {"angle": -22.5, "axis": "z", "origin": [8, 9, 8]},
			"faces": {
				"north": {"uv": [0, 0, 16, 15], "texture": "#2"},
				"east": {"uv": [0, 0, 16, 16], "texture": "#1"},
				"south": {"uv": [0, 0, 16, 14], "texture": "#2"},
				"west": {"uv": [0, 0, 16, 12], "texture": "#2"},
				"up": {"uv": [0, 0, 16, 16], "texture": "#1"},
				"down": {"uv": [16, 16, 0, 13], "texture": "#2"}
			}
		},
		{
			"from": [0.5, 12.5, 5.25],
			"to": [5.85, 19.15, 10.8],
			"rotation": {"angle": 0, "axis": "z", "origin": [3.7, 14.575, 8]},
			"faces": {
				"north": {"uv": [0, 0, 16, 16], "texture": "#1"},
				"east": {"uv": [0, 0, 16, 16], "texture": "#1"},
				"south": {"uv": [0, 0, 16, 16], "texture": "#1"},
				"west": {"uv": [0, 0, 16, 16], "texture": "#1"},
				"up": {"uv": [0, 0, 16, 16], "texture": "#1"},
				"down": {"uv": [0, 0, 16, 16], "texture": "#1"}
			}
		},
		{
			"from": [0.4, 18.3, 5.45],
			"to": [5.05, 20.35, 10.6],
			"rotation": {"angle": 22.5, "axis": "z", "origin": [3.175, 20.375, 8.025]},
			"faces": {
				"north": {"uv": [0, 0, 16, 16], "texture": "#1"},
				"east": {"uv": [0, 0, 16, 16], "texture": "#1"},
				"south": {"uv": [0, 0, 16, 16], "texture": "#1"},
				"west": {"uv": [0, 0, 16, 16], "texture": "#1"},
				"up": {"uv": [0, 0, 16, 16], "texture": "#1"},
				"down": {"uv": [0, 0, 16, 16], "texture": "#1"}
			}
		},
		{
			"from": [0.2, 16.3, 5.95],
			"to": [0.45, 17.45, 7.6],
			"rotation": {"angle": 0, "axis": "z", "origin": [3.7, 14.575, 8]},
			"faces": {
				"north": {"uv": [0, 0, 16, 16], "texture": "#1"},
				"east": {"uv": [0, 0, 16, 16], "texture": "#1"},
				"south": {"uv": [0, 0, 16, 16], "texture": "#1"},
				"west": {"uv": [2, 2, 14, 14], "texture": "#3"},
				"up": {"uv": [0, 0, 16, 16], "texture": "#1"},
				"down": {"uv": [0, 0, 16, 16], "texture": "#1"}
			}
		},
		{
			"from": [2.2, 16.4, 5.05],
			"to": [3.85, 18.05, 5.7],
			"rotation": {"angle": 22.5, "axis": "y", "origin": [3.025, 17.225, 5.175]},
			"faces": {
				"north": {"uv": [2, 14, 14, 16], "texture": "#2"},
				"east": {"uv": [0, 10, 16, 16], "texture": "#1"},
				"south": {"uv": [0, 10, 16, 16], "texture": "#1"},
				"west": {"uv": [0, 10, 16, 16], "texture": "#1"},
				"up": {"uv": [0, 10, 16, 16], "rotation": 90, "texture": "#1"},
				"down": {"uv": [0, 10, 16, 16], "rotation": 270, "texture": "#1"}
			}
		},
		{
			"from": [1.37376, 16.4, 11.31924],
			"to": [3.02376, 18.05, 12.56924],
			"rotation": {"angle": -22.5, "axis": "y", "origin": [6.69876, 17.225, 14.04424]},
			"faces": {
				"north": {"uv": [2, 14, 14, 16], "texture": "#2"},
				"east": {"uv": [0, 10, 16, 16], "texture": "#1"},
				"south": {"uv": [2, 14, 14, 16], "texture": "#2"},
				"west": {"uv": [0, 10, 16, 16], "texture": "#1"},
				"up": {"uv": [0, 10, 16, 16], "rotation": 90, "texture": "#1"},
				"down": {"uv": [0, 10, 16, 16], "rotation": 270, "texture": "#1"}
			}
		},
		{
			"from": [0.2, 16.3, 8.55],
			"to": [0.45, 17.45, 10.2],
			"rotation": {"angle": 0, "axis": "z", "origin": [3.7, 14.575, 8]},
			"faces": {
				"north": {"uv": [0, 0, 16, 16], "texture": "#1"},
				"east": {"uv": [0, 0, 16, 16], "texture": "#1"},
				"south": {"uv": [0, 0, 16, 16], "texture": "#1"},
				"west": {"uv": [14, 2, 2, 14], "texture": "#3"},
				"up": {"uv": [0, 0, 16, 16], "texture": "#1"},
				"down": {"uv": [0, 0, 16, 16], "texture": "#1"}
			}
		},
		{
			"from": [-0.25, 13.35, 6.6],
			"to": [0.5, 15.1, 9.6],
			"faces": {
				"north": {"uv": [0, 0, 16, 16], "texture": "#1"},
				"east": {"uv": [0, 0, 16, 16], "texture": "#1"},
				"south": {"uv": [0, 0, 16, 16], "texture": "#1"},
				"west": {"uv": [0, 0, 16, 16], "texture": "#4"},
				"up": {"uv": [0, 0, 16, 16], "texture": "#1"},
				"down": {"uv": [0, 0, 16, 16], "texture": "#1"}
			}
		}
	],
	"display": {
		"head": {
			"rotation": [0, -94, 0],
			"translation": [0, -41.25, 0],
			"scale": [3, 3, 3]
		}
	},
	"groups": [
		{
			"name": "Füße",
			"origin": [0, 0, 0],
			"color": 0,
			"children": [0, 1, 2, 3, 4, 5, 6, 7, 8, 9, 10]
		},
		{
			"name": "Body",
			"origin": [0, 0, 0],
			"color": 0,
			"children": [11, 12]
		},
		{
			"name": "Kopf",
			"origin": [0, 0, 0],
			"color": 0,
			"children": [13, 14, 15, 16, 17, 18, 19]
		}
	]
}