{
	"credit": "Made with Blockbench",
	"texture_size": [200, 200],
	"textures": {
		"0": "custom/Haut",
		"1": "custom/Hals",
		"2": "custom/Hufe",
		"4": "custom/Arschgewei",
		"5": "custom/Auge",
		"particle": "custom/Haut"
	},
	"elements": [
		{
			"from": [3, 3.05, 0.35],
			"to": [10.1, 10.8, 12.25],
			"rotation": {"angle": 0, "axis": "y", "origin": [0, -8.2, 0]},
			"faces": {
				"north": {"uv": [0, 0, 16, 16], "texture": "#0"},
				"east": {"uv": [0, 0, 16, 16], "texture": "#0"},
				"south": {"uv": [0, 0, 16, 16], "texture": "#0"},
				"west": {"uv": [0, 0, 16, 16], "texture": "#0"},
				"up": {"uv": [0, 0, 16, 7], "texture": "#0"},
				"down": {"uv": [0, 0, 16, 7], "texture": "#1"}
			}
		},
		{
			"from": [3.5, 3.05, 12.25],
			"to": [9.6, 9.75, 22.3],
			"rotation": {"angle": 0, "axis": "y", "origin": [0, -8.2, 0]},
			"faces": {
				"north": {"uv": [0, 0, 16, 16], "texture": "#0"},
				"east": {"uv": [0, 0, 16, 16], "texture": "#0"},
				"south": {"uv": [0, 0, 16, 16], "texture": "#0"},
				"west": {"uv": [0, 0, 16, 16], "texture": "#0"},
				"up": {"uv": [0, 0, 16, 8], "texture": "#0"},
				"down": {"uv": [0, 8, 16, 16], "texture": "#1"}
			}
		},
		{
			"from": [5.95, 6.74109, 21.8],
			"to": [7.05, 8.24109, 27.1],
			"rotation": {"angle": 22.5, "axis": "x", "origin": [6.75, 9.74109, 24.49913]},
			"faces": {
				"north": {"uv": [0, 0, 16, 8], "texture": "#0"},
				"east": {"uv": [0, 0, 16, 8], "texture": "#0"},
				"south": {"uv": [0, 0, 16, 8], "texture": "#0"},
				"west": {"uv": [0, 8, 16, 0], "texture": "#0"},
				"up": {"uv": [0, 0, 16, 8], "texture": "#0"},
				"down": {"uv": [0, 0, 16, 8], "texture": "#0"}
			}
		},
		{
			"from": [8, -7.2, 20.35],
			"to": [10.1, -0.95, 22.35],
			"rotation": {"angle": 0, "axis": "x", "origin": [9.05, -4.075, 21.35]},
			"faces": {
				"north": {"uv": [0, 0, 7.168, 16], "texture": "#0"},
				"east": {"uv": [0, 0, 7.16, 16], "texture": "#0"},
				"south": {"uv": [0, 0, 7.168, 16], "texture": "#0"},
				"west": {"uv": [0, 0, 7, 16], "texture": "#0"},
				"up": {"uv": [0, 0, 7.168, 16], "texture": "#0"},
				"down": {"uv": [0, 0, 7.168, 16], "texture": "#0"}
			}
		},
		{
			"from": [3, -7.2, 22.45],
			"to": [5.1, -0.95, 24.45],
			"rotation": {"angle": -45, "axis": "x", "origin": [4.05, -4.075, 21.45]},
			"faces": {
				"north": {"uv": [0, 0, 7.168, 16], "texture": "#0"},
				"east": {"uv": [0, 0, 7.16, 16], "texture": "#0"},
				"south": {"uv": [0, 0, 7.168, 16], "texture": "#0"},
				"west": {"uv": [0, 0, 7, 16], "texture": "#0"},
				"up": {"uv": [0, 0, 7.168, 16], "texture": "#0"},
				"down": {"uv": [0, 0, 7.168, 16], "texture": "#0"}
			}
		},
		{
			"from": [2.75, -8.95, 21.4],
			"to": [5.35, -2.7, 23.9],
			"rotation": {"angle": -22.5, "axis": "x", "origin": [0, -8.2, 3.4]},
			"faces": {
				"north": {"uv": [0, 0, 7.208, 16], "texture": "#0"},
				"east": {"uv": [0, 0, 7.2, 16], "texture": "#0"},
				"south": {"uv": [0, 0, 7.208, 16], "texture": "#0"},
				"west": {"uv": [0, 0, 7, 16], "texture": "#0"},
				"up": {"uv": [0, 0, 7.208, 16], "texture": "#0"},
				"down": {"uv": [0, 0, 7.208, 16], "texture": "#0"}
			}
		},
		{
			"from": [7.75, -8.95, 21.4],
			"to": [10.35, -2.7, 23.9],
			"rotation": {"angle": -22.5, "axis": "x", "origin": [0, -8.2, 3.4]},
			"faces": {
				"north": {"uv": [0, 0, 7.208, 16], "texture": "#0"},
				"east": {"uv": [0, 0, 7.2, 16], "texture": "#0"},
				"south": {"uv": [0, 0, 7.208, 16], "texture": "#0"},
				"west": {"uv": [0, 0, 7, 16], "texture": "#0"},
				"up": {"uv": [0, 0, 7.208, 16], "texture": "#0"},
				"down": {"uv": [0, 0, 7.208, 16], "texture": "#0"}
			}
		},
		{
			"from": [3, -7.2, 1.7],
			"to": [5.1, -1.7, 3.7],
			"rotation": {"angle": 0, "axis": "y", "origin": [0, -8.2, 0]},
			"faces": {
				"north": {"uv": [0, 0, 7.918, 16], "texture": "#0"},
				"east": {"uv": [0, 0, 7.16, 16], "texture": "#0"},
				"south": {"uv": [0, 0, 7.168, 16], "texture": "#0"},
				"west": {"uv": [0, 0, 6.16, 16], "texture": "#0"},
				"up": {"uv": [0, 0, 0.168, 0.16], "texture": "#0"},
				"down": {"uv": [0, 0, 0.168, 0.16], "texture": "#0"}
			}
		},
		{
			"from": [8, -7.45, 3.7],
			"to": [10.1, -1.95, 5.7],
			"rotation": {"angle": -45, "axis": "x", "origin": [9.05, -4.45, 2.7]},
			"faces": {
				"north": {"uv": [0, 0, 7.918, 16], "texture": "#0"},
				"east": {"uv": [0, 0, 7.16, 16], "texture": "#0"},
				"south": {"uv": [0, 0, 7.168, 16], "texture": "#0"},
				"west": {"uv": [0, 0, 6.16, 16], "texture": "#0"},
				"up": {"uv": [0, 0, 0.168, 0.16], "texture": "#0"},
				"down": {"uv": [0, 0, 0.168, 0.16], "texture": "#0"}
			}
		},
		{
			"from": [7.75, -1.95, 1.45],
			"to": [10.35, 4.3, 3.95],
			"rotation": {"angle": 0, "axis": "y", "origin": [0, -8.2, 0]},
			"faces": {
				"north": {"uv": [0, 0, 7.958, 16], "texture": "#0"},
				"east": {"uv": [0, 0, 8.2, 16], "texture": "#0"},
				"south": {"uv": [0, 0, 8.208, 15.5], "texture": "#0"},
				"west": {"uv": [0, 0, 8, 15.5], "texture": "#0"},
				"up": {"uv": [0, 0, 0.208, 0.2], "texture": "#0"},
				"down": {"uv": [0, 0, 0.208, 0.2], "texture": "#0"}
			}
		},
		{
			"from": [2.75, -1.95, 1.45],
			"to": [5.35, 4.3, 3.95],
			"rotation": {"angle": 0, "axis": "y", "origin": [0, -8.2, 0]},
			"faces": {
				"north": {"uv": [0, 0, 7.958, 16], "texture": "#0"},
				"east": {"uv": [0, 0, 7.2, 15.5], "texture": "#0"},
				"south": {"uv": [0, 0, 7.208, 16], "texture": "#0"},
				"west": {"uv": [0, 0, 8, 16], "texture": "#0"},
				"up": {"uv": [0, 0, 0.208, 0.2], "texture": "#0"},
				"down": {"uv": [0, 0, 0.208, 0.2], "texture": "#0"}
			}
		},
		{
			"from": [4.55, 12.95, -9.7],
			"to": [8.4, 15.6, -6],
			"rotation": {"angle": 0, "axis": "y", "origin": [0, -8.2, 0]},
			"faces": {
				"north": {"uv": [0, 0, 16, 16], "texture": "#0"},
				"east": {"uv": [0, 0, 16, 16], "texture": "#0"},
				"south": {"uv": [0, 0, 16, 16], "texture": "#0"},
				"west": {"uv": [0, 0, 16, 16], "texture": "#0"},
				"up": {"uv": [0, 0, 16, 7], "texture": "#0"},
				"down": {"uv": [0, 0, 16, 7], "texture": "#0"}
			}
		},
		{
			"from": [4.25, 12.75, -7.1],
			"to": [8.85, 18.9, 2.25],
			"rotation": {"angle": 0, "axis": "y", "origin": [0, -8.2, 0]},
			"faces": {
				"north": {"uv": [0, 0, 16, 16], "texture": "#0"},
				"east": {"uv": [0, 0, 16, 16], "texture": "#0"},
				"south": {"uv": [0, 0, 16, 16], "texture": "#0"},
				"west": {"uv": [0, 0, 16, 16], "texture": "#0"},
				"up": {"uv": [0, 0, 16, 16], "texture": "#0"},
				"down": {"uv": [0, 0, 16, 16], "texture": "#0"}
			}
		},
		{
			"name": "Ohr",
			"from": [7.6, 12.25, -3],
			"to": [11.05, 14.2, -2.5],
			"rotation": {"angle": 22.5, "axis": "z", "origin": [0.725, 14.275, -6.25]},
			"faces": {
				"north": {"uv": [0, 9, 16, 16], "texture": "#0"},
				"east": {"uv": [0, 0, 16, 16], "texture": "#0"},
				"south": {"uv": [0, 0, 16, 9], "texture": "#0"},
				"west": {"uv": [0, 0, 16, 16], "texture": "#0"},
				"up": {"uv": [0, 0, 16, 7], "texture": "#0"},
				"down": {"uv": [0, 0, 16, 7], "texture": "#0"}
			}
		},
		{
			"name": "Ohr",
			"from": [1.1, 16.55, -3],
			"to": [4.65, 18.6, -2.5],
			"rotation": {"angle": -22.5, "axis": "z", "origin": [0.725, 14.275, -6.25]},
			"faces": {
				"north": {"uv": [0, 7, 16, 16], "texture": "#0"},
				"east": {"uv": [0, 0, 16, 16], "texture": "#0"},
				"south": {"uv": [0, 0, 16, 7], "texture": "#0"},
				"west": {"uv": [0, 0, 16, 16], "texture": "#0"},
				"up": {"uv": [0, 0, 16, 7], "texture": "#0"},
				"down": {"uv": [0, 0, 16, 7], "texture": "#0"}
			}
		},
		{
			"from": [3.1, -8.2, 1.75],
			"to": [5, -7.2, 3.55],
			"rotation": {"angle": 0, "axis": "y", "origin": [0, -8.2, 0]},
			"faces": {
				"north": {"uv": [0, 0, 16, 16], "texture": "#2"},
				"east": {"uv": [0, 0, 16, 16], "texture": "#2"},
				"south": {"uv": [0, 0, 16, 16], "texture": "#2"},
				"west": {"uv": [0, 0, 16, 16], "texture": "#2"},
				"up": {"uv": [0, 0, 16, 16], "texture": "#2"},
				"down": {"uv": [0, 0, 16, 9.184], "texture": "#2"}
			}
		},
		{
			"from": [8.1, -11.2, 5.6],
			"to": [10, -10.2, 7.5],
			"rotation": {"angle": -45, "axis": "x", "origin": [0, -8.2, 0]},
			"faces": {
				"north": {"uv": [0, 0, 0.152, 0.08], "texture": "#2"},
				"east": {"uv": [0, 0, 0.152, 0.08], "texture": "#2"},
				"south": {"uv": [0, 0, 0.152, 0.08], "texture": "#2"},
				"west": {"uv": [0, 0, 0.152, 0.08], "texture": "#2"},
				"up": {"uv": [0, 0, 0.152, 0.152], "texture": "#2"},
				"down": {"uv": [0, 0, 0.152, 0.152], "texture": "#2"}
			}
		},
		{
			"from": [3.1, -8.95, 25.1],
			"to": [5, -7.95, 26.8],
			"rotation": {"angle": -45, "axis": "x", "origin": [4.05, -7.7, 21.45]},
			"faces": {
				"north": {"uv": [0, 0, 0.152, 0.08], "texture": "#2"},
				"east": {"uv": [0, 0, 0.136, 0.08], "texture": "#2"},
				"south": {"uv": [0, 0, 0.152, 0.08], "texture": "#2"},
				"west": {"uv": [0, 0, 0.136, 0.08], "texture": "#2"},
				"up": {"uv": [0, 0, 0.152, 0.136], "texture": "#2"},
				"down": {"uv": [0, 0, 0.152, 0.136], "texture": "#2"}
			}
		},
		{
			"from": [8.1, -8.2, 20.4],
			"to": [10, -7.2, 22.3],
			"rotation": {"angle": 0, "axis": "y", "origin": [0, -8.2, 0]},
			"faces": {
				"north": {"uv": [0, 0, 0.152, 0.08], "texture": "#2"},
				"east": {"uv": [0, 0, 0.152, 0.08], "texture": "#2"},
				"south": {"uv": [0, 0, 0.152, 0.08], "texture": "#2"},
				"west": {"uv": [0, 0, 0.152, 0.08], "texture": "#2"},
				"up": {"uv": [0, 0, 0.152, 0.152], "texture": "#2"},
				"down": {"uv": [0, 0, 0.152, 0.152], "texture": "#2"}
			}
		},
		{
			"from": [3.15, 18.85, -1.4],
			"to": [10.05, 20, -0.15],
			"rotation": {"angle": 0, "axis": "x", "origin": [0, -8.2, 0]},
			"faces": {
				"north": {"uv": [0, 0, 16, 3], "texture": "#4"},
				"east": {"uv": [0, 0, 16, 3.092], "texture": "#4"},
				"south": {"uv": [0, 0, 16, 3.092], "texture": "#4"},
				"west": {"uv": [0, 0, 16, 3.092], "texture": "#4"},
				"up": {"uv": [0, 0, 16, 3.1], "texture": "#4"},
				"down": {"uv": [0, 0, 16, 3.1], "texture": "#4"}
			}
		},
		{
			"from": [-14.35, 18, -1.4],
			"to": [-7.45, 19.15, -0.15],
			"rotation": {"angle": -22.5, "axis": "z", "origin": [0, -8.2, 0]},
			"faces": {
				"north": {"uv": [0, 0, 16, 3], "texture": "#4"},
				"east": {"uv": [0, 0, 16, 3.092], "texture": "#4"},
				"south": {"uv": [0, 0, 16, 3.092], "texture": "#4"},
				"west": {"uv": [0, 0, 16, 3.092], "texture": "#4"},
				"up": {"uv": [0, 0, 16, 3.1], "texture": "#4"},
				"down": {"uv": [0, 0, 16, 3.1], "texture": "#4"}
			}
		},
		{
			"from": [-9.45, 21.4, -0.4],
			"to": [-2.55, 22.55, 0.85],
			"rotation": {"angle": -22.5, "axis": "y", "origin": [0, -8.2, 0]},
			"faces": {
				"north": {"uv": [0, 0, 16, 3], "texture": "#4"},
				"east": {"uv": [0, 0, 16, 3.092], "texture": "#4"},
				"south": {"uv": [0, 0, 16, 3.092], "texture": "#4"},
				"west": {"uv": [0, 0, 16, 3.092], "texture": "#4"},
				"up": {"uv": [0, 0, 16, 3.1], "texture": "#4"},
				"down": {"uv": [0, 0, 16, 3.1], "texture": "#4"}
			}
		},
		{
			"from": [-8.95, 21.4, -2.15],
			"to": [-2.05, 22.55, -0.9],
			"rotation": {"angle": 22.5, "axis": "y", "origin": [0, -8.2, 0]},
			"faces": {
				"north": {"uv": [0, 0, 16, 3], "texture": "#4"},
				"east": {"uv": [0, 0, 16, 3.092], "texture": "#4"},
				"south": {"uv": [0, 0, 16, 3.092], "texture": "#4"},
				"west": {"uv": [0, 0, 16, 3.092], "texture": "#4"},
				"up": {"uv": [0, 0, 16, 3.1], "texture": "#4"},
				"down": {"uv": [0, 0, 16, 3.1], "texture": "#4"}
			}
		},
		{
			"from": [19.65, 12.95, -1.4],
			"to": [26.55, 14.1, -0.15],
			"rotation": {"angle": 22.5, "axis": "z", "origin": [0, -8.2, 0]},
			"faces": {
				"north": {"uv": [0, 0, 16, 3], "texture": "#4"},
				"east": {"uv": [0, 0, 16, 3.092], "texture": "#4"},
				"south": {"uv": [0, 0, 16, 3.092], "texture": "#4"},
				"west": {"uv": [0, 0, 16, 3.092], "texture": "#4"},
				"up": {"uv": [0, 0, 16, 3.1], "texture": "#4"},
				"down": {"uv": [0, 0, 16, 3.1], "texture": "#4"}
			}
		},
		{
			"from": [7.9, 18.7, 1.6],
			"to": [14.8, 19.85, 2.85],
			"rotation": {"angle": 22.5, "axis": "y", "origin": [0, -8.2, 0]},
			"faces": {
				"north": {"uv": [0, 0, 16, 3], "texture": "#4"},
				"east": {"uv": [0, 0, 16, 3.092], "texture": "#4"},
				"south": {"uv": [0, 0, 16, 3.092], "texture": "#4"},
				"west": {"uv": [0, 0, 16, 3.092], "texture": "#4"},
				"up": {"uv": [0, 0, 16, 3.1], "texture": "#4"},
				"down": {"uv": [0, 0, 16, 3.1], "texture": "#4"}
			}
		},
		{
			"from": [3.3, 18.7, -4.1],
			"to": [4.55, 19.85, 2.8],
			"rotation": {"angle": 45, "axis": "y", "origin": [0, -8.2, 0]},
			"faces": {
				"north": {"uv": [0, 0, 16, 3], "texture": "#4"},
				"east": {"uv": [0, 0, 16, 3.092], "texture": "#4"},
				"south": {"uv": [0, 0, 16, 3.092], "texture": "#4"},
				"west": {"uv": [0, 0, 16, 3.092], "texture": "#4"},
				"up": {"uv": [0, 0, 16, 3.1], "rotation": 270, "texture": "#4"},
				"down": {"uv": [0, 0, 16, 3.1], "rotation": 90, "texture": "#4"}
			}
		},
		{
			"from": [1.6, 24.7, -1.3],
			"to": [2.75, 31.6, -0.05],
			"rotation": {"angle": -22.5, "axis": "z", "origin": [0, -8.2, 0]},
			"faces": {
				"north": {"uv": [0, 0, 16, 3], "rotation": 90, "texture": "#4"},
				"east": {"uv": [0, 0, 16, 3.1], "rotation": 270, "texture": "#4"},
				"south": {"uv": [0, 0, 16, 3.092], "rotation": 270, "texture": "#4"},
				"west": {"uv": [0, 0, 16, 3.1], "rotation": 270, "texture": "#4"},
				"up": {"uv": [0, 0, 16, 3.092], "rotation": 270, "texture": "#4"},
				"down": {"uv": [0, 0, 16, 3.092], "rotation": 270, "texture": "#4"}
			}
		},
		{
			"from": [19.1, 14.2, -1.3],
			"to": [20.25, 21.1, -0.05],
			"rotation": {"angle": 45, "axis": "z", "origin": [0, -8.2, 0]},
			"faces": {
				"north": {"uv": [0, 0, 16, 3], "rotation": 90, "texture": "#4"},
				"east": {"uv": [0, 0, 16, 3.1], "rotation": 270, "texture": "#4"},
				"south": {"uv": [0, 0, 16, 3.092], "rotation": 270, "texture": "#4"},
				"west": {"uv": [0, 0, 16, 3.1], "rotation": 270, "texture": "#4"},
				"up": {"uv": [0, 0, 16, 3.092], "rotation": 270, "texture": "#4"},
				"down": {"uv": [0, 0, 16, 3.092], "rotation": 270, "texture": "#4"}
			}
		},
		{
			"from": [11.05, 21.45, 9.2],
			"to": [18.55, 22.6, 10.45],
			"rotation": {"angle": 45, "axis": "y", "origin": [0, -8.2, 0]},
			"faces": {
				"north": {"uv": [0, 0, 16, 3], "texture": "#4"},
				"east": {"uv": [0, 0, 16, 3.092], "texture": "#4"},
				"south": {"uv": [0, 0, 16, 3.092], "texture": "#4"},
				"west": {"uv": [0, 0, 16, 3.092], "texture": "#4"},
				"up": {"uv": [0, 0, 16, 3.1], "texture": "#4"},
				"down": {"uv": [0, 0, 16, 3.1], "texture": "#4"}
			}
		},
		{
			"from": [9.55, 21.45, -12.05],
			"to": [17.05, 22.6, -10.8],
			"rotation": {"angle": -45, "axis": "y", "origin": [0, -8.2, 0]},
			"faces": {
				"north": {"uv": [0, 0, 16, 3], "texture": "#4"},
				"east": {"uv": [0, 0, 16, 3.092], "texture": "#4"},
				"south": {"uv": [0, 0, 16, 3.092], "texture": "#4"},
				"west": {"uv": [0, 0, 16, 3.092], "texture": "#4"},
				"up": {"uv": [0, 0, 16, 3.1], "texture": "#4"},
				"down": {"uv": [0, 0, 16, 3.1], "texture": "#4"}
			}
		},
		{
			"name": "Augen",
			"from": [4.7, 16.25, -7.15],
			"to": [6.2, 18, -6.75],
			"rotation": {"angle": 0, "axis": "y", "origin": [0, -8.2, 0]},
			"faces": {
				"north": {"uv": [14, 0, 0, 14], "texture": "#5"},
				"east": {"uv": [0, 0, 16, 16], "texture": "#0"},
				"south": {"uv": [0, 0, 16, 16], "texture": "#0"},
				"west": {"uv": [0, 0, 16, 16], "texture": "#0"},
				"up": {"uv": [0, 0, 16, 16], "texture": "#0"},
				"down": {"uv": [0, 0, 16, 16], "texture": "#0"}
			}
		},
		{
			"name": "Augen",
			"from": [6.95, 16.25, -7.15],
			"to": [8.45, 18, -6.75],
			"rotation": {"angle": 0, "axis": "y", "origin": [0, -8.2, 0]},
			"faces": {
				"north": {"uv": [0, 0, 14, 14], "texture": "#5"},
				"east": {"uv": [0, 0, 16, 16], "texture": "#0"},
				"south": {"uv": [0, 0, 16, 16], "texture": "#0"},
				"west": {"uv": [0, 0, 16, 16], "texture": "#0"},
				"up": {"uv": [0, 0, 16, 16], "texture": "#0"},
				"down": {"uv": [0, 0, 16, 16], "texture": "#0"}
			}
		},
		{
			"name": "Hals",
			"from": [4.45, 2.05, 4.65],
			"to": [8.45, 13.9, 10.4],
			"rotation": {"angle": -22.5, "axis": "x", "origin": [0, -8.2, 0]},
			"faces": {
				"north": {"uv": [0, 0, 16, 16], "rotation": 180, "texture": "#1"},
				"east": {"uv": [0, 0, 16, 16], "rotation": 270, "texture": "#0"},
				"south": {"uv": [0, 0, 16, 16], "texture": "#0"},
				"west": {"uv": [0, 16, 16, 0], "rotation": 90, "texture": "#0"},
				"up": {"uv": [0, 0, 16, 16], "rotation": 180, "texture": "#0"},
				"down": {"uv": [0, 0, 16, 16], "texture": "#0"}
			}
		}
	],
	"display": {
		"thirdperson_righthand": {
			"translation": [0, 9.25, 0]
		},
		"firstperson_righthand": {
			"translation": [-7.75, 2.5, 0.75]
		},
		"ground": {
			"translation": [0, -21.25, 0]
		},
		"head": {
			"translation": [0, -27.75, 0],
			"scale": [2.3, 2.3, 2.3]
		}
	},
	"groups": [
		{
			"name": "awdad",
			"origin": [8, 8, 8],
			"color": 0,
			"children": [
				{
					"name": "Haut",
					"origin": [8, 8, 8],
					"color": 0,
					"children": [
						{
							"name": "Körper",
							"origin": [0, 0, 0],
							"color": 0,
							"children": [0, 1, 2]
						},
						{
							"name": "Beine hinten",
							"origin": [8, 8, 8],
							"color": 0,
							"children": [3, 4, 5, 6]
						},
						{
							"name": "Beine",
							"origin": [8, 8, 8],
							"color": 0,
							"children": [7, 8, 9, 10]
						},
						{
							"name": "Kopf",
							"origin": [0, -15.2, 0],
							"color": 0,
							"children": [11, 12]
						},
						{
							"name": "Ohren",
							"origin": [8, 8, 8],
							"color": 0,
							"children": [13, 14]
						}
					]
				},
				{
					"name": "hufen",
					"origin": [0, 0, 0],
					"color": 0,
					"children": [15, 16, 17, 18]
				},
				{
					"name": "Arsch Gewei",
					"origin": [0, 0, 0],
					"color": 0,
					"children": [19, 20, 21, 22, 23, 24, 25, 26, 27, 28, 29]
				},
				{
					"name": "Augen",
					"origin": [0, -15.2, 0],
					"color": 0,
					"children": [30, 31]
				},
				32
			]
		}
	]
}