{
	"credit": "Made with Blockbench",
	"textures": {
		"2": "custom/Auge",
		"3": "custom/Schnabl",
		"4": "custom/Pinguin front3",
		"5": "custom/Flugl",
		"particle": "custom/Schnabl"
	},
	"elements": [
		{
			"from": [6.1, 0.7, 5.5],
			"to": [11.25, 12.8, 11.5],
			"rotation": {"angle": 0, "axis": "y", "origin": [7.175, 8.25, 8.50156]},
			"faces": {
				"north": {"uv": [0, 0, 4.15, 14.1], "texture": "#5"},
				"east": {"uv": [0, 0, 16, 16], "texture": "#5"},
				"south": {"uv": [0, 0, 4.15, 14.1], "texture": "#5"},
				"west": {"uv": [0, 0, 16, 16], "texture": "#4"},
				"up": {"uv": [0, 0, 8.15, 8], "texture": "#5"},
				"down": {"uv": [0, 0, 8.15, 8], "texture": "#5"}
			}
		},
		{
			"from": [1.77047, 1.1415, 9.24013],
			"to": [7.12047, 2.1415, 12.24013],
			"rotation": {"angle": -22.5, "axis": "z", "origin": [4.44547, 1.6415, 10.74013]},
			"faces": {
				"north": {"uv": [0, 0, 16, 3], "texture": "#5"},
				"east": {"uv": [0, 0, 16, 3], "texture": "#5"},
				"south": {"uv": [0, 0, 16, 3], "texture": "#5"},
				"west": {"uv": [0, 0, 16, 3], "texture": "#5"},
				"up": {"uv": [16, 16, 0, 0], "texture": "#5"},
				"down": {"uv": [0, 0, 16, 3], "texture": "#5"}
			}
		},
		{
			"from": [3.34459, 0, 4.70271],
			"to": [8.44459, 1, 7.70271],
			"rotation": {"angle": -22.5, "axis": "y", "origin": [7.175, 8.25, 8.50156]},
			"faces": {
				"north": {"uv": [0, 0, 16, 3], "texture": "#5"},
				"east": {"uv": [0, 0, 16, 3], "texture": "#5"},
				"south": {"uv": [0, 0, 16, 3], "texture": "#5"},
				"west": {"uv": [0, 0, 16, 3], "texture": "#5"},
				"up": {"uv": [0, 0, 16, 15], "texture": "#5"},
				"down": {"uv": [0, 0, 16, 3], "texture": "#5"}
			}
		},
		{
			"from": [6.25, 12.8, 6],
			"to": [11.05, 17.8, 11],
			"rotation": {"angle": 0, "axis": "y", "origin": [7.175, 8.25, 8.50156]},
			"faces": {
				"north": {"uv": [0, 10, 4.8, 15], "texture": "#5"},
				"east": {"uv": [0, 0, 5, 5], "texture": "#5"},
				"south": {"uv": [8, 2, 12.8, 7], "texture": "#5"},
				"west": {"uv": [11, 6, 16, 11], "texture": "#5"},
				"up": {"uv": [4, 6, 8.8, 11], "texture": "#5"},
				"down": {"uv": [0, 0, 4.8, 5], "texture": "#5"}
			}
		},
		{
			"from": [6.05, 15, 6.8],
			"to": [6.25, 17, 7.8],
			"rotation": {"angle": 0, "axis": "y", "origin": [7.175, 8.25, 8.50156]},
			"faces": {
				"north": {"uv": [0, 0, 16, 2], "texture": "#missing"},
				"east": {"uv": [0, 0, 1, 2], "texture": "#missing"},
				"south": {"uv": [0, 0, 16, 2], "texture": "#missing"},
				"west": {"uv": [6, 6, 9, 10], "texture": "#2"},
				"up": {"uv": [0, 0, 16, 2], "texture": "#missing"},
				"down": {"uv": [0, 0, 16, 2], "texture": "#missing"}
			}
		},
		{
			"from": [6.05, 15, 9.25],
			"to": [6.25, 17, 10.25],
			"rotation": {"angle": 0, "axis": "y", "origin": [7.175, 8.25, 8.50156]},
			"faces": {
				"north": {"uv": [0, 0, 16, 2], "texture": "#missing"},
				"east": {"uv": [0, 0, 1, 2], "texture": "#missing"},
				"south": {"uv": [0, 0, 16, 2], "texture": "#missing"},
				"west": {"uv": [9, 6, 6, 10], "texture": "#2"},
				"up": {"uv": [0, 0, 16, 2], "texture": "#missing"},
				"down": {"uv": [0, 0, 16, 2], "texture": "#missing"}
			}
		},
		{
			"from": [4.6, 13.8, 7.4],
			"to": [6.5, 14.8, 9.8],
			"rotation": {"angle": 0, "axis": "y", "origin": [7.175, 8.25, 8.50156]},
			"faces": {
				"north": {"uv": [0, 0, 16, 16], "texture": "#3"},
				"east": {"uv": [0, 0, 16, 16], "texture": "#3"},
				"south": {"uv": [0, 0, 16, 16], "texture": "#3"},
				"west": {"uv": [0, 0, 16, 16], "texture": "#3"},
				"up": {"uv": [0, 0, 16, 16], "texture": "#3"},
				"down": {"uv": [0, 0, 16, 16], "texture": "#3"}
			}
		},
		{
			"from": [7.1, 8.51721, 0.82032],
			"to": [10.5, 9.51721, 7.92032],
			"rotation": {"angle": -45, "axis": "x", "origin": [8.8, 8.11721, 4.37032]},
			"faces": {
				"north": {"uv": [0, 0, 16, 3], "rotation": 180, "texture": "#5"},
				"east": {"uv": [11, 0, 16, 15.1], "rotation": 270, "texture": "#5"},
				"south": {"uv": [0, 0, 16, 3], "texture": "#5"},
				"west": {"uv": [0, 0, 5, 15.1], "rotation": 90, "texture": "#5"},
				"up": {"uv": [0, 0, 16, 16], "rotation": 180, "texture": "#5"},
				"down": {"uv": [0, 16, 16, 0], "texture": "#5"}
			}
		},
		{
			"from": [7, 3.18965, 11.82687],
			"to": [10.5, 10.18965, 12.82687],
			"rotation": {"angle": -22.5, "axis": "x", "origin": [7.175, 8.25, 8.50156]},
			"faces": {
				"north": {"uv": [0, 16, 16, 0], "texture": "#5"},
				"east": {"uv": [0, 0, 2, 16], "texture": "#5"},
				"south": {"uv": [0, 0, 16, 16], "texture": "#5"},
				"west": {"uv": [0, 0, 1, 7], "texture": "#5"},
				"up": {"uv": [0, 0, 2.5, 16], "texture": "#5"},
				"down": {"uv": [0, 0, 16, 2], "texture": "#5"}
			}
		}
	],
	"display": {
		"thirdperson_righthand": {
			"rotation": [0, -86, 0]
		},
		"head": {
			"rotation": [0, -86, 0],
			"translation": [0, -29.75, 0],
			"scale": [2, 2, 2]
		}
	},
	"groups": [
		{
			"name": "Körper",
			"origin": [8, 8, 8],
			"color": 0,
			"children": [0]
		},
		{
			"name": "Füße",
			"origin": [0, 0, 0],
			"color": 0,
			"children": [1, 2]
		},
		{
			"name": "Gesicht",
			"origin": [8, 8, 8],
			"color": 0,
			"children": [
				3,
				{
					"name": "Augen",
					"origin": [0, 0.8, 0],
					"color": 0,
					"children": [4, 5]
				},
				{
					"name": "Schnabel",
					"origin": [8, 8, 8],
					"color": 0,
					"children": [6]
				}
			]
		},
		{
			"name": "Flügel",
			"origin": [0, 0, 0],
			"color": 0,
			"children": [7, 8]
		}
	]
}