{
	"credit": "Made with Blockbench",
	"textures": {
		"1": "custom/Flugl",
		"2": "custom/Auge",
		"3": "custom/Schnabl",
		"4": "custom/Pinguin front3",
		"particle": "custom/Schnabl"
	},
	"elements": [
		{
			"from": [6.1, 0.7, 5.5],
			"to": [11.25, 12.8, 11.5],
			"rotation": {"angle": 0, "axis": "y", "origin": [7.175, 8.25, 8.50156]},
			"faces": {
				"north": {"uv": [0, 0, 4.15, 14.1], "texture": "#1"},
				"east": {"uv": [0, 0, 16, 16], "texture": "#1"},
				"south": {"uv": [0, 0, 4.15, 14.1], "texture": "#1"},
				"west": {"uv": [0, 0, 16, 16], "texture": "#4"},
				"up": {"uv": [0, 0, 8.15, 8], "texture": "#1"},
				"down": {"uv": [0, 0, 8.15, 8], "texture": "#1"}
			}
		},
		{
			"from": [3.05721, 0, 9.24013],
			"to": [8.40721, 1, 12.24013],
			"rotation": {"angle": 22.5, "axis": "y", "origin": [7.175, 8.25, 8.50156]},
			"faces": {
				"north": {"uv": [0, 0, 16, 3], "texture": "#1"},
				"east": {"uv": [0, 0, 16, 3], "texture": "#1"},
				"south": {"uv": [0, 0, 16, 3], "texture": "#1"},
				"west": {"uv": [0, 0, 16, 3], "texture": "#1"},
				"up": {"uv": [16, 16, 0, 0], "texture": "#1"},
				"down": {"uv": [0, 0, 16, 3], "texture": "#1"}
			}
		},
		{
			"from": [2.36885, 0.94542, 4.70271],
			"to": [7.46885, 1.94542, 7.70271],
			"rotation": {"angle": -22.5, "axis": "z", "origin": [4.91885, 1.44542, 6.20271]},
			"faces": {
				"north": {"uv": [0, 0, 16, 3], "texture": "#1"},
				"east": {"uv": [0, 0, 16, 3], "texture": "#1"},
				"south": {"uv": [0, 0, 16, 3], "texture": "#1"},
				"west": {"uv": [0, 0, 16, 3], "texture": "#1"},
				"up": {"uv": [0, 0, 16, 15], "texture": "#1"},
				"down": {"uv": [0, 0, 16, 3], "texture": "#1"}
			}
		},
		{
			"from": [6.25, 12.8, 6],
			"to": [11.05, 17.8, 11],
			"rotation": {"angle": 0, "axis": "y", "origin": [7.175, 8.25, 8.50156]},
			"faces": {
				"north": {"uv": [0, 10, 4.8, 15], "texture": "#1"},
				"east": {"uv": [0, 0, 5, 5], "texture": "#1"},
				"south": {"uv": [8, 2, 12.8, 7], "texture": "#1"},
				"west": {"uv": [11, 6, 16, 11], "texture": "#1"},
				"up": {"uv": [4, 6, 8.8, 11], "texture": "#1"},
				"down": {"uv": [0, 0, 4.8, 5], "texture": "#missing"}
			}
		},
		{
			"from": [6.05, 15, 6.8],
			"to": [6.25, 17, 7.8],
			"rotation": {"angle": 0, "axis": "y", "origin": [7.175, 8.25, 8.50156]},
			"faces": {
				"north": {"uv": [0, 0, 16, 2], "texture": "#1"},
				"east": {"uv": [0, 0, 1, 2], "texture": "#missing"},
				"south": {"uv": [0, 0, 16, 2], "texture": "#1"},
				"west": {"uv": [6, 6, 9, 10], "texture": "#2"},
				"up": {"uv": [0, 0, 16, 2], "texture": "#1"},
				"down": {"uv": [0, 0, 16, 2], "texture": "#1"}
			}
		},
		{
			"from": [6.05, 15, 9.25],
			"to": [6.25, 17, 10.25],
			"rotation": {"angle": 0, "axis": "y", "origin": [7.175, 8.25, 8.50156]},
			"faces": {
				"north": {"uv": [0, 0, 16, 2], "texture": "#1"},
				"east": {"uv": [0, 0, 1, 2], "texture": "#missing"},
				"south": {"uv": [0, 0, 16, 2], "texture": "#1"},
				"west": {"uv": [9, 6, 6, 10], "texture": "#2"},
				"up": {"uv": [0, 0, 16, 2], "texture": "#1"},
				"down": {"uv": [0, 0, 16, 2], "texture": "#1"}
			}
		},
		{
			"from": [4.6, 13.8, 7.4],
			"to": [6.5, 14.8, 9.8],
			"rotation": {"angle": 0, "axis": "y", "origin": [7.175, 8.25, 8.50156]},
			"faces": {
				"north": {"uv": [0, 0, 16, 16], "texture": "#3"},
				"east": {"uv": [0, 0, 16, 16], "texture": "#3"},
				"south": {"uv": [0, 0, 16, 15], "texture": "#3"},
				"west": {"uv": [0, 0, 16, 16], "texture": "#3"},
				"up": {"uv": [0, 0, 16, 16], "texture": "#3"},
				"down": {"uv": [0, 0, 16, 16], "texture": "#3"}
			}
		},
		{
			"from": [7.1, 2.99636, 4.23561],
			"to": [10.5, 10.09636, 5.23561],
			"rotation": {"angle": 22.5, "axis": "x", "origin": [7.175, 8.25, 8.50156]},
			"faces": {
				"north": {"uv": [0, 0, 16, 16], "texture": "#1"},
				"east": {"uv": [11, 0, 16, 15.1], "texture": "#1"},
				"south": {"uv": [0, 16, 16, 0], "texture": "#4"},
				"west": {"uv": [0, 0, 5, 15.1], "texture": "#1"},
				"up": {"uv": [0, 0, 16, 3], "texture": "#1"},
				"down": {"uv": [0, 0, 16, 3], "texture": "#1"}
			}
		},
		{
			"from": [7, 5.338, 12.6985],
			"to": [10.5, 12.338, 13.6985],
			"rotation": {"angle": -45, "axis": "x", "origin": [8.75, 8.838, 13.1985]},
			"faces": {
				"north": {"uv": [0, 16, 16, 0], "texture": "#4"},
				"east": {"uv": [0, 0, 2, 16], "texture": "#1"},
				"south": {"uv": [0, 0, 16, 16], "texture": "#1"},
				"west": {"uv": [0, 0, 1, 7], "texture": "#1"},
				"up": {"uv": [0, 0, 2.5, 16], "texture": "#1"},
				"down": {"uv": [0, 0, 16, 2], "texture": "#1"}
			}
		}
	],
	"display": {
		"head": {
			"rotation": [0, -86, 0],
			"translation": [0, -29.75, 0],
			"scale": [2, 2, 2]
		}
	},
	"groups": [
		{
			"name": "Körper",
			"origin": [8, 8, 8],
			"color": 0,
			"children": [0]
		},
		{
			"name": "Füße",
			"origin": [0, 0, 0],
			"color": 0,
			"children": [1, 2]
		},
		{
			"name": "Gesicht",
			"origin": [8, 8, 8],
			"color": 0,
			"children": [
				3,
				{
					"name": "Augen",
					"origin": [0, 0.8, 0],
					"color": 0,
					"children": [4, 5]
				},
				{
					"name": "Schnabel",
					"origin": [8, 8, 8],
					"color": 0,
					"children": [6]
				}
			]
		},
		{
			"name": "Flügel",
			"origin": [0, 0, 0],
			"color": 0,
			"children": [7, 8]
		}
	]
}