{
	"credit": "Made with Blockbench",
	"textures": {
		"3": "custom/rot",
		"particle": "custom/rot"
	},
	"elements": [
		{
			"from": [6.1, 0.7, 5.5],
			"to": [11.25, 12.8, 11.5],
			"rotation": {"angle": 0, "axis": "y", "origin": [0, 0.8, 0]},
			"faces": {
				"north": {"uv": [0, 0, 4.15, 14.1], "texture": "#3"},
				"east": {"uv": [0, 0, 16, 16], "texture": "#3"},
				"south": {"uv": [0, 0, 4.15, 14.1], "texture": "#3"},
				"west": {"uv": [0, 0, 16, 16], "texture": "#3"},
				"up": {"uv": [0, 0, 8.15, 8], "texture": "#3"},
				"down": {"uv": [0, 0, 8.15, 8], "texture": "#3"}
			}
		},
		{
			"from": [3.9, 0, 9],
			"to": [9.25, 1, 12],
			"rotation": {"angle": 0, "axis": "y", "origin": [8.2, 0.5, 10.5]},
			"faces": {
				"north": {"uv": [0, 0, 16, 3], "texture": "#3"},
				"east": {"uv": [0, 0, 16, 3], "texture": "#3"},
				"south": {"uv": [0, 0, 16, 3], "texture": "#3"},
				"west": {"uv": [0, 0, 16, 3], "texture": "#3"},
				"up": {"uv": [16, 16, 0, 0], "texture": "#3"},
				"down": {"uv": [0, 0, 16, 3], "texture": "#3"}
			}
		},
		{
			"from": [4.2, 0, 5],
			"to": [9.3, 1, 8],
			"rotation": {"angle": 0, "axis": "y", "origin": [8.35, 0.5, 6.5]},
			"faces": {
				"north": {"uv": [0, 0, 16, 3], "texture": "#3"},
				"east": {"uv": [0, 0, 16, 3], "texture": "#3"},
				"south": {"uv": [0, 0, 16, 3], "texture": "#3"},
				"west": {"uv": [0, 0, 16, 3], "texture": "#3"},
				"up": {"uv": [0, 0, 16, 15], "texture": "#3"},
				"down": {"uv": [0, 0, 16, 3], "texture": "#3"}
			}
		},
		{
			"from": [6.25, 12.8, 6],
			"to": [11.05, 17.8, 11],
			"rotation": {"angle": 0, "axis": "y", "origin": [0, 0.8, 0]},
			"faces": {
				"north": {"uv": [0, 10, 4.8, 15], "texture": "#3"},
				"east": {"uv": [0, 0, 5, 5], "texture": "#3"},
				"south": {"uv": [8, 2, 12.8, 7], "texture": "#3"},
				"west": {"uv": [11, 6, 16, 11], "texture": "#3"},
				"up": {"uv": [4, 6, 8.8, 11], "texture": "#3"},
				"down": {"uv": [0, 0, 4.8, 5], "texture": "#3"}
			}
		},
		{
			"from": [6.05, 15, 6.8],
			"to": [6.25, 17, 7.8],
			"rotation": {"angle": 0, "axis": "y", "origin": [0, 0.8, 0]},
			"faces": {
				"north": {"uv": [0, 0, 16, 2], "texture": "#3"},
				"east": {"uv": [0, 0, 1, 2], "texture": "#3"},
				"south": {"uv": [0, 0, 16, 2], "texture": "#3"},
				"west": {"uv": [6, 6, 9, 10], "texture": "#3"},
				"up": {"uv": [0, 0, 16, 2], "texture": "#3"},
				"down": {"uv": [0, 0, 16, 2], "texture": "#3"}
			}
		},
		{
			"from": [6.05, 15, 9.25],
			"to": [6.25, 17, 10.25],
			"rotation": {"angle": 0, "axis": "y", "origin": [6.15, 16, 9.75]},
			"faces": {
				"north": {"uv": [0, 0, 16, 2], "texture": "#3"},
				"east": {"uv": [0, 0, 1, 2], "texture": "#3"},
				"south": {"uv": [0, 0, 16, 2], "texture": "#3"},
				"west": {"uv": [9, 6, 6, 10], "texture": "#3"},
				"up": {"uv": [0, 0, 16, 2], "texture": "#3"},
				"down": {"uv": [0, 0, 16, 2], "texture": "#3"}
			}
		},
		{
			"from": [4.6, 13.8, 7.4],
			"to": [6.5, 14.8, 9.8],
			"rotation": {"angle": 0, "axis": "y", "origin": [0, 0.8, 0]},
			"faces": {
				"north": {"uv": [0, 0, 1.9, 1], "texture": "#3"},
				"east": {"uv": [0, 0, 2.4, 1], "texture": "#3"},
				"south": {"uv": [0, 0, 1.9, 1], "texture": "#3"},
				"west": {"uv": [0, 0, 2.4, 1], "texture": "#3"},
				"up": {"uv": [0, 0, 1.9, 2.4], "texture": "#3"},
				"down": {"uv": [0, 0, 1.9, 2.4], "texture": "#3"}
			}
		},
		{
			"from": [7.1, 4.8, 4.6],
			"to": [10.5, 11.9, 5.6],
			"rotation": {"angle": 0, "axis": "x", "origin": [8.5, 6.8, 3.5]},
			"faces": {
				"north": {"uv": [0, 0, 16, 16], "texture": "#3"},
				"east": {"uv": [11, 0, 16, 15.1], "texture": "#3"},
				"south": {"uv": [0, 16, 16, 0], "texture": "#3"},
				"west": {"uv": [0, 0, 5, 15.1], "texture": "#3"},
				"up": {"uv": [0, 0, 16, 3], "texture": "#3"},
				"down": {"uv": [0, 0, 16, 3], "texture": "#3"}
			}
		},
		{
			"from": [7, 4.7723, 11.3328],
			"to": [10.5, 11.7723, 12.3328],
			"rotation": {"angle": 0, "axis": "x", "origin": [8.75, 8.2723, 12.6328]},
			"faces": {
				"north": {"uv": [0, 16, 16, 0], "texture": "#3"},
				"east": {"uv": [0, 0, 2, 16], "texture": "#3"},
				"south": {"uv": [0, 0, 16, 16], "texture": "#3"},
				"west": {"uv": [0, 0, 1, 7], "texture": "#3"},
				"up": {"uv": [0, 0, 2.5, 16], "texture": "#3"},
				"down": {"uv": [0, 0, 16, 2], "texture": "#3"}
			}
		}
	],
	"display": {
		"head": {
			"rotation": [0, -86, 0],
			"translation": [0, -29.75, 0],
			"scale": [2, 2, 2]
		}
	},
	"groups": [
		{
			"name": "Körper",
			"origin": [8, 8, 8],
			"color": 0,
			"children": [0]
		},
		{
			"name": "Füße",
			"origin": [0, 0, 0],
			"color": 0,
			"children": [1, 2]
		},
		{
			"name": "Gesicht",
			"origin": [8, 8, 8],
			"color": 0,
			"children": [
				3,
				{
					"name": "Augen",
					"origin": [0, 0.8, 0],
					"color": 0,
					"children": [4, 5]
				},
				{
					"name": "Schnabel",
					"origin": [8, 8, 8],
					"color": 0,
					"children": [6]
				}
			]
		},
		{
			"name": "Flügel",
			"origin": [0, 0, 0],
			"color": 0,
			"children": [7, 8]
		}
	]
}