{
	"credit": "Made with Blockbench",
	"textures": {
		"0": "custom/back",
		"1": "custom/Seit",
		"2": "custom/Unten",
		"3": "custom/Auge",
		"5": "custom/Zunge2",
		"particle": "custom/back"
	},
	"elements": [
		{
			"from": [15.8, 1.2, 6.4],
			"to": [18.3, 2.3, 8.2],
			"rotation": {"angle": 45, "axis": "y", "origin": [8.58792, 1.8, 8.80245]},
			"faces": {
				"north": {"uv": [0, 0, 16, 16], "texture": "#1"},
				"east": {"uv": [0, 0, 16, 16], "texture": "#1"},
				"south": {"uv": [0, 0, 16, 16], "texture": "#1"},
				"west": {"uv": [0, 0, 16, 16], "texture": "#1"},
				"up": {"uv": [0, 0, 5, 6.5], "rotation": 90, "texture": "#0"},
				"down": {"uv": [0, 0, 16, 16], "rotation": 270, "texture": "#2"}
			}
		},
		{
			"from": [18.3, 1.3, 6.6],
			"to": [19.3, 2.1, 8],
			"rotation": {"angle": 45, "axis": "y", "origin": [8.58792, 1.8, 8.80245]},
			"faces": {
				"north": {"uv": [0, 0, 16, 16], "texture": "#1"},
				"east": {"uv": [0, 0, 16, 16], "texture": "#1"},
				"south": {"uv": [0, 0, 16, 16], "texture": "#1"},
				"west": {"uv": [0, 0, 16, 16], "texture": "#1"},
				"up": {"uv": [0, 0, 5, 6.5], "rotation": 90, "texture": "#0"},
				"down": {"uv": [0, 0, 16, 16], "rotation": 270, "texture": "#2"}
			}
		},
		{
			"from": [15.13191, 1.7, 1.49078],
			"to": [15.23191, 2.1, 2.09078],
			"rotation": {"angle": -45, "axis": "y", "origin": [14.78191, 2.1, 1.19078]},
			"faces": {
				"north": {"uv": [0, 0, 16, 16], "texture": "#1"},
				"east": {"uv": [2, 2, 14, 14], "texture": "#3"},
				"south": {"uv": [0, 0, 16, 16], "texture": "#1"},
				"west": {"uv": [0, 0, 16, 16], "texture": "#1"},
				"up": {"uv": [0, 0, 5, 6.5], "rotation": 90, "texture": "#0"},
				"down": {"uv": [0, 0, 16, 16], "rotation": 270, "texture": "#2"}
			}
		},
		{
			"from": [13.1748, 1.7, 0.03367],
			"to": [13.7748, 2.1, 0.13367],
			"rotation": {"angle": 45, "axis": "y", "origin": [14.0748, 2.1, 0.48367]},
			"faces": {
				"north": {"uv": [14, 2, 2, 14], "texture": "#3"},
				"east": {"uv": [0, 0, 16, 16], "texture": "#1"},
				"south": {"uv": [0, 0, 16, 16], "texture": "#1"},
				"west": {"uv": [0, 0, 16, 16], "texture": "#1"},
				"up": {"uv": [0, 0, 5, 6.5], "texture": "#0"},
				"down": {"uv": [0, 0, 16, 16], "texture": "#2"}
			}
		},
		{
			"from": [17.01264, 1.4, 2.96604],
			"to": [17.71264, 1.5, 3.16604],
			"rotation": {"angle": 22.5, "axis": "y", "origin": [8.9233, 1.525, 6.43405]},
			"faces": {
				"north": {"uv": [0, 5, 16, 9], "texture": "#5"},
				"east": {"uv": [0, 5, 16, 9], "texture": "#5"},
				"south": {"uv": [0, 0, 16, 4], "texture": "#5"},
				"west": {"uv": [0, 0, 16, 4], "texture": "#5"},
				"up": {"uv": [0, 0, 16, 16], "rotation": 180, "texture": "#5"},
				"down": {"uv": [0, 0, 16, 16], "rotation": 180, "texture": "#5"}
			}
		},
		{
			"from": [12.10069, 1.4, -2.42714],
			"to": [12.30069, 1.5, -1.62714],
			"rotation": {"angle": -22.5, "axis": "y", "origin": [8.9233, 1.525, 6.43405]},
			"faces": {
				"north": {"uv": [0, 0, 16, 4], "texture": "#5"},
				"east": {"uv": [0, 5, 16, 9], "texture": "#5"},
				"south": {"uv": [0, 5, 16, 9], "texture": "#5"},
				"west": {"uv": [0, 0, 16, 4], "texture": "#5"},
				"up": {"uv": [0, 0, 16, 16], "rotation": 270, "texture": "#5"},
				"down": {"uv": [0, 0, 16, 16], "rotation": 90, "texture": "#5"}
			}
		},
		{
			"from": [12.8, 1.2, 6.8],
			"to": [15.8, 2.2, 7.8],
			"rotation": {"angle": 45, "axis": "y", "origin": [8.58792, 1.8, 8.80245]},
			"faces": {
				"north": {"uv": [0, 0, 16, 16], "texture": "#1"},
				"east": {"uv": [0, 0, 16, 16], "texture": "#1"},
				"south": {"uv": [0, 0, 16, 16], "texture": "#1"},
				"west": {"uv": [0, 0, 16, 16], "texture": "#1"},
				"up": {"uv": [0, 0, 16, 3], "texture": "#0"},
				"down": {"uv": [0, 0, 16, 16], "texture": "#2"}
			}
		},
		{
			"from": [8.37519, 1.2, 4.11812],
			"to": [9.37519, 2.2, 7.11812],
			"rotation": {"angle": -22.5, "axis": "y", "origin": [8.58792, 1.8, 8.80245]},
			"faces": {
				"north": {"uv": [0, 0, 16, 16], "texture": "#1"},
				"east": {"uv": [0, 0, 16, 16], "texture": "#1"},
				"south": {"uv": [0, 0, 16, 16], "texture": "#1"},
				"west": {"uv": [0, 0, 16, 16], "texture": "#1"},
				"up": {"uv": [0, 6, 16, 10], "rotation": 270, "texture": "#0"},
				"down": {"uv": [0, 0, 16, 16], "rotation": 90, "texture": "#2"}
			}
		},
		{
			"from": [9.07192, 1.2, 7.17045],
			"to": [10.07192, 2.2, 10.17045],
			"rotation": {"angle": 0, "axis": "y", "origin": [8.58792, 1.8, 8.80245]},
			"faces": {
				"north": {"uv": [0, 0, 16, 16], "texture": "#1"},
				"east": {"uv": [0, 0, 16, 16], "texture": "#1"},
				"south": {"uv": [0, 0, 16, 16], "texture": "#1"},
				"west": {"uv": [0, 0, 16, 16], "texture": "#1"},
				"up": {"uv": [0, 5, 16, 9], "rotation": 270, "texture": "#0"},
				"down": {"uv": [0, 0, 16, 16], "rotation": 90, "texture": "#2"}
			}
		},
		{
			"from": [5.67705, 1.2, 9.8049],
			"to": [8.67705, 2.2, 10.8049],
			"rotation": {"angle": 45, "axis": "y", "origin": [8.58792, 1.8, 8.80245]},
			"faces": {
				"north": {"uv": [0, 0, 16, 16], "texture": "#1"},
				"east": {"uv": [0, 0, 16, 16], "texture": "#1"},
				"south": {"uv": [0, 0, 16, 16], "texture": "#1"},
				"west": {"uv": [0, 0, 16, 16], "texture": "#1"},
				"up": {"uv": [0, 10, 16, 13], "texture": "#0"},
				"down": {"uv": [0, 0, 16, 16], "texture": "#2"}
			}
		},
		{
			"from": [3.68777, 1.2, 10.7785],
			"to": [6.68777, 2.2, 11.7785],
			"rotation": {"angle": 22.5, "axis": "y", "origin": [8.58792, 1.8, 8.80245]},
			"faces": {
				"north": {"uv": [0, 0, 16, 16], "texture": "#1"},
				"east": {"uv": [0, 0, 16, 16], "texture": "#1"},
				"south": {"uv": [0, 0, 16, 16], "texture": "#1"},
				"west": {"uv": [0, 0, 16, 16], "texture": "#1"},
				"up": {"uv": [0, 2, 16, 5], "texture": "#0"},
				"down": {"uv": [0, 0, 16, 16], "texture": "#2"}
			}
		},
		{
			"from": [2.23136, 1.2, 12.4838],
			"to": [5.23136, 2.2, 13.4838],
			"rotation": {"angle": 0, "axis": "y", "origin": [8.58792, 1.8, 8.80245]},
			"faces": {
				"north": {"uv": [0, 0, 16, 16], "texture": "#1"},
				"east": {"uv": [0, 0, 16, 16], "texture": "#1"},
				"south": {"uv": [0, 0, 16, 16], "texture": "#1"},
				"west": {"uv": [0, 0, 16, 16], "texture": "#1"},
				"up": {"uv": [0, 7, 16, 11], "texture": "#0"},
				"down": {"uv": [0, 0, 16, 16], "texture": "#2"}
			}
		},
		{
			"from": [0.06524, 1.3, 12.99697],
			"to": [2.96524, 2.1, 13.79697],
			"rotation": {"angle": 22.5, "axis": "y", "origin": [1.61524, 1.7, 13.79697]},
			"faces": {
				"north": {"uv": [0, 0, 16, 16], "texture": "#1"},
				"east": {"uv": [0, 0, 16, 16], "texture": "#1"},
				"south": {"uv": [0, 0, 16, 16], "texture": "#1"},
				"west": {"uv": [0, 0, 16, 16], "texture": "#1"},
				"up": {"uv": [0.1, 7, 16, 11], "texture": "#0"},
				"down": {"uv": [0, 0, 16, 16], "texture": "#2"}
			}
		},
		{
			"from": [-5.06928, 1.4, 6.07285],
			"to": [-2.16928, 2, 6.67285],
			"rotation": {"angle": 45, "axis": "y", "origin": [8.1233, 1.625, 7.23405]},
			"faces": {
				"north": {"uv": [0, 0, 16, 16], "texture": "#1"},
				"east": {"uv": [0, 0, 16, 16], "texture": "#1"},
				"south": {"uv": [0, 0, 16, 16], "texture": "#1"},
				"west": {"uv": [0, 0, 16, 16], "texture": "#1"},
				"up": {"uv": [0.1, 7, 16, 11], "texture": "#0"},
				"down": {"uv": [0, 0, 16, 16], "texture": "#2"}
			}
		}
	],
	"display": {
		"head": {
			"rotation": [0, 43, 0],
			"translation": [5, -20.5, 9.75],
			"scale": [3, 3, 3]
		}
	},
	"groups": [
		{
			"name": "Kopf",
			"origin": [0, 0, 0],
			"color": 0,
			"children": [0, 1, 2, 3, 4, 5]
		},
		{
			"name": "Körper",
			"origin": [0, 0, 0],
			"color": 0,
			"children": [6, 7, 8, 9, 10, 11, 12, 13]
		}
	]
}