{
	"credit": "Made with Blockbench",
	"textures": {
		"0": "custom/back",
		"1": "custom/Seit",
		"2": "custom/Unten",
		"3": "custom/Auge",
		"5": "custom/Zunge2",
		"particle": "custom/back"
	},
	"elements": [
		{
			"from": [15.8, 1.2, 6.4],
			"to": [18.3, 2.3, 8.2],
			"rotation": {"angle": 45, "axis": "y", "origin": [8.58792, 1.8, 8.80245]},
			"faces": {
				"north": {"uv": [0, 0, 16, 16], "texture": "#1"},
				"east": {"uv": [0, 0, 16, 16], "texture": "#1"},
				"south": {"uv": [0, 0, 16, 16], "texture": "#1"},
				"west": {"uv": [0, 0, 16, 16], "texture": "#1"},
				"up": {"uv": [0, 0, 5, 6.5], "rotation": 90, "texture": "#0"},
				"down": {"uv": [0, 0, 16, 16], "rotation": 270, "texture": "#2"}
			}
		},
		{
			"from": [18.3, 1.3, 6.6],
			"to": [19.3, 2.1, 8],
			"rotation": {"angle": 45, "axis": "y", "origin": [8.58792, 1.8, 8.80245]},
			"faces": {
				"north": {"uv": [0, 0, 16, 16], "texture": "#1"},
				"east": {"uv": [0, 0, 16, 16], "texture": "#1"},
				"south": {"uv": [0, 0, 16, 16], "texture": "#1"},
				"west": {"uv": [0, 0, 16, 16], "texture": "#1"},
				"up": {"uv": [0, 0, 5, 6.5], "rotation": 90, "texture": "#0"},
				"down": {"uv": [0, 0, 16, 16], "rotation": 270, "texture": "#2"}
			}
		},
		{
			"from": [15.13191, 1.7, 1.49078],
			"to": [15.23191, 2.1, 2.09078],
			"rotation": {"angle": -45, "axis": "y", "origin": [14.78191, 2.1, 1.19078]},
			"faces": {
				"north": {"uv": [0, 0, 16, 16], "texture": "#1"},
				"east": {"uv": [2, 2, 14, 14], "texture": "#3"},
				"south": {"uv": [0, 0, 16, 16], "texture": "#1"},
				"west": {"uv": [0, 0, 16, 16], "texture": "#1"},
				"up": {"uv": [0, 0, 5, 6.5], "rotation": 90, "texture": "#0"},
				"down": {"uv": [0, 0, 16, 16], "rotation": 270, "texture": "#2"}
			}
		},
		{
			"from": [13.1748, 1.7, 0.03367],
			"to": [13.7748, 2.1, 0.13367],
			"rotation": {"angle": 45, "axis": "y", "origin": [14.0748, 2.1, 0.48367]},
			"faces": {
				"north": {"uv": [14, 2, 2, 14], "texture": "#3"},
				"east": {"uv": [0, 0, 16, 16], "texture": "#1"},
				"south": {"uv": [0, 0, 16, 16], "texture": "#1"},
				"west": {"uv": [0, 0, 16, 16], "texture": "#1"},
				"up": {"uv": [0, 0, 5, 6.5], "texture": "#0"},
				"down": {"uv": [0, 0, 16, 16], "texture": "#2"}
			}
		},
		{
			"from": [17.01264, 1.4, 2.96604],
			"to": [17.71264, 1.5, 3.16604],
			"rotation": {"angle": 22.5, "axis": "y", "origin": [8.9233, 1.525, 6.43405]},
			"faces": {
				"north": {"uv": [0, 5, 16, 9], "texture": "#5"},
				"east": {"uv": [0, 5, 16, 9], "texture": "#5"},
				"south": {"uv": [0, 0, 16, 4], "texture": "#5"},
				"west": {"uv": [0, 0, 16, 4], "texture": "#5"},
				"up": {"uv": [0, 0, 16, 16], "rotation": 180, "texture": "#5"},
				"down": {"uv": [0, 0, 16, 16], "rotation": 180, "texture": "#5"}
			}
		},
		{
			"from": [12.10069, 1.4, -2.42714],
			"to": [12.30069, 1.5, -1.62714],
			"rotation": {"angle": -22.5, "axis": "y", "origin": [8.9233, 1.525, 6.43405]},
			"faces": {
				"north": {"uv": [0, 0, 16, 4], "texture": "#5"},
				"east": {"uv": [0, 5, 16, 9], "texture": "#5"},
				"south": {"uv": [0, 5, 16, 9], "texture": "#5"},
				"west": {"uv": [0, 0, 16, 4], "texture": "#5"},
				"up": {"uv": [0, 0, 16, 16], "rotation": 270, "texture": "#5"},
				"down": {"uv": [0, 0, 16, 16], "rotation": 90, "texture": "#5"}
			}
		},
		{
			"from": [12.8, 1.2, 6.8],
			"to": [15.8, 2.2, 7.8],
			"rotation": {"angle": 45, "axis": "y", "origin": [8.58792, 1.8, 8.80245]},
			"faces": {
				"north": {"uv": [0, 0, 16, 16], "texture": "#1"},
				"east": {"uv": [0, 0, 16, 16], "texture": "#1"},
				"south": {"uv": [0, 0, 16, 16], "texture": "#1"},
				"west": {"uv": [0, 0, 16, 16], "texture": "#1"},
				"up": {"uv": [0, 0, 16, 3], "texture": "#0"},
				"down": {"uv": [0, 0, 16, 16], "texture": "#2"}
			}
		},
		{
			"from": [9.07191, 1.2, 4.47045],
			"to": [10.07191, 2.2, 7.47045],
			"rotation": {"angle": -45, "axis": "y", "origin": [10.07191, 1.7, 5.97045]},
			"faces": {
				"north": {"uv": [0, 0, 16, 16], "texture": "#1"},
				"east": {"uv": [0, 0, 16, 16], "texture": "#1"},
				"south": {"uv": [0, 0, 16, 16], "texture": "#1"},
				"west": {"uv": [0, 0, 16, 16], "texture": "#1"},
				"up": {"uv": [0, 6, 16, 10], "rotation": 270, "texture": "#0"},
				"down": {"uv": [0, 0, 16, 16], "rotation": 90, "texture": "#2"}
			}
		},
		{
			"from": [6.18308, 1.2, 6.36739],
			"to": [9.18308, 2.2, 7.36739],
			"rotation": {"angle": 22.5, "axis": "y", "origin": [8.28308, 1.7, 7.66739]},
			"faces": {
				"north": {"uv": [0, 0, 16, 16], "texture": "#1"},
				"east": {"uv": [0, 0, 16, 16], "texture": "#1"},
				"south": {"uv": [0, 0, 16, 16], "texture": "#1"},
				"west": {"uv": [0, 0, 16, 16], "texture": "#1"},
				"up": {"uv": [0, 5, 16, 9], "texture": "#0"},
				"down": {"uv": [0, 0, 16, 16], "texture": "#2"}
			}
		},
		{
			"from": [5.85941, 1.2, 6.83045],
			"to": [8.85941, 2.2, 7.83045],
			"rotation": {"angle": 45, "axis": "y", "origin": [7.85941, 1.7, 10.73045]},
			"faces": {
				"north": {"uv": [0, 0, 16, 16], "texture": "#1"},
				"east": {"uv": [0, 0, 16, 16], "texture": "#1"},
				"south": {"uv": [0, 0, 16, 16], "texture": "#1"},
				"west": {"uv": [0, 0, 16, 16], "texture": "#1"},
				"up": {"uv": [0, 10, 16, 13], "texture": "#0"},
				"down": {"uv": [0, 0, 16, 16], "texture": "#2"}
			}
		},
		{
			"from": [2.79413, 1.2, 10.5912],
			"to": [3.79413, 2.2, 13.5912],
			"rotation": {"angle": -22.5, "axis": "y", "origin": [6.39413, 1.7, 12.3912]},
			"faces": {
				"north": {"uv": [0, 0, 16, 16], "texture": "#1"},
				"east": {"uv": [0, 0, 16, 16], "texture": "#1"},
				"south": {"uv": [0, 0, 16, 16], "texture": "#1"},
				"west": {"uv": [0, 0, 16, 16], "texture": "#1"},
				"up": {"uv": [0, 2, 16, 5], "rotation": 270, "texture": "#0"},
				"down": {"uv": [0, 0, 16, 16], "rotation": 90, "texture": "#2"}
			}
		},
		{
			"from": [2.73136, 1.2, 11.8838],
			"to": [3.73136, 2.2, 14.8838],
			"rotation": {"angle": 0, "axis": "y", "origin": [3.73136, 1.7, 12.9838]},
			"faces": {
				"north": {"uv": [0, 0, 16, 16], "texture": "#1"},
				"east": {"uv": [0, 0, 16, 16], "texture": "#1"},
				"south": {"uv": [0, 0, 16, 16], "texture": "#1"},
				"west": {"uv": [0, 0, 16, 16], "texture": "#1"},
				"up": {"uv": [0, 7, 16, 11], "rotation": 270, "texture": "#0"},
				"down": {"uv": [0, 0, 16, 16], "rotation": 90, "texture": "#2"}
			}
		},
		{
			"from": [-0.33476, 1.3, 15.29697],
			"to": [2.56524, 2.1, 16.09697],
			"rotation": {"angle": 45, "axis": "y", "origin": [1.61524, 1.7, 14.09697]},
			"faces": {
				"north": {"uv": [0, 0, 16, 16], "texture": "#1"},
				"east": {"uv": [0, 0, 16, 16], "texture": "#1"},
				"south": {"uv": [0, 0, 16, 16], "texture": "#1"},
				"west": {"uv": [0, 0, 16, 16], "texture": "#1"},
				"up": {"uv": [0.1, 7, 16, 11], "texture": "#0"},
				"down": {"uv": [0, 0, 16, 16], "texture": "#2"}
			}
		},
		{
			"from": [-1.93892, 1.4, 17.02835],
			"to": [0.96108, 2, 17.62835],
			"rotation": {"angle": 22.5, "axis": "y", "origin": [-0.78892, 1.7, 15.22835]},
			"faces": {
				"north": {"uv": [0, 0, 16, 16], "texture": "#1"},
				"east": {"uv": [0, 0, 16, 16], "texture": "#1"},
				"south": {"uv": [0, 0, 16, 16], "texture": "#1"},
				"west": {"uv": [0, 0, 16, 16], "texture": "#1"},
				"up": {"uv": [0.1, 7, 16, 11], "texture": "#0"},
				"down": {"uv": [0, 0, 16, 16], "texture": "#2"}
			}
		}
	],
	"display": {
		"head": {
			"rotation": [0, 43, 0],
			"translation": [0, -20.5, 9.75],
			"scale": [3, 3, 3]
		}
	},
	"groups": [
		{
			"name": "Kopf",
			"origin": [0, 0, 0],
			"color": 0,
			"children": [0, 1, 2, 3, 4, 5]
		},
		{
			"name": "Körper",
			"origin": [0, 0, 0],
			"color": 0,
			"children": [6, 7, 8, 9, 10, 11, 12, 13]
		}
	]
}