{
	"credit": "Made with Blockbench",
	"textures": {
		"6": "custom/rot",
		"particle": "custom/back"
	},
	"elements": [
		{
			"from": [15.8, 1.2, 6.4],
			"to": [18.3, 2.3, 8.2],
			"rotation": {"angle": 45, "axis": "y", "origin": [8.58792, 1.8, 8.80245]},
			"faces": {
				"north": {"uv": [0, 0, 16, 16], "texture": "#6"},
				"east": {"uv": [0, 0, 16, 16], "texture": "#6"},
				"south": {"uv": [0, 0, 16, 16], "texture": "#6"},
				"west": {"uv": [0, 0, 16, 16], "texture": "#6"},
				"up": {"uv": [0, 0, 5, 6.5], "rotation": 90, "texture": "#6"},
				"down": {"uv": [0, 0, 16, 16], "rotation": 270, "texture": "#6"}
			}
		},
		{
			"from": [18.3, 1.3, 6.6],
			"to": [19.3, 2.1, 8],
			"rotation": {"angle": 45, "axis": "y", "origin": [8.58792, 1.8, 8.80245]},
			"faces": {
				"north": {"uv": [0, 0, 16, 16], "texture": "#6"},
				"east": {"uv": [0, 0, 16, 16], "texture": "#6"},
				"south": {"uv": [0, 0, 16, 16], "texture": "#6"},
				"west": {"uv": [0, 0, 16, 16], "texture": "#6"},
				"up": {"uv": [0, 0, 5, 6.5], "rotation": 90, "texture": "#6"},
				"down": {"uv": [0, 0, 16, 16], "rotation": 270, "texture": "#6"}
			}
		},
		{
			"from": [15.13191, 1.7, 1.49078],
			"to": [15.23191, 2.1, 2.09078],
			"rotation": {"angle": -45, "axis": "y", "origin": [14.78191, 2.1, 1.19078]},
			"faces": {
				"north": {"uv": [0, 0, 16, 16], "texture": "#6"},
				"east": {"uv": [2, 2, 14, 14], "texture": "#6"},
				"south": {"uv": [0, 0, 16, 16], "texture": "#6"},
				"west": {"uv": [0, 0, 16, 16], "texture": "#6"},
				"up": {"uv": [0, 0, 5, 6.5], "rotation": 90, "texture": "#6"},
				"down": {"uv": [0, 0, 16, 16], "rotation": 270, "texture": "#6"}
			}
		},
		{
			"from": [13.1748, 1.7, 0.03367],
			"to": [13.7748, 2.1, 0.13367],
			"rotation": {"angle": 45, "axis": "y", "origin": [14.0748, 2.1, 0.48367]},
			"faces": {
				"north": {"uv": [14, 2, 2, 14], "texture": "#6"},
				"east": {"uv": [0, 0, 16, 16], "texture": "#6"},
				"south": {"uv": [0, 0, 16, 16], "texture": "#6"},
				"west": {"uv": [0, 0, 16, 16], "texture": "#6"},
				"up": {"uv": [0, 0, 5, 6.5], "texture": "#6"},
				"down": {"uv": [0, 0, 16, 16], "texture": "#6"}
			}
		},
		{
			"from": [17.01264, 1.4, 2.96604],
			"to": [17.71264, 1.5, 3.16604],
			"rotation": {"angle": 22.5, "axis": "y", "origin": [8.9233, 1.525, 6.43405]},
			"faces": {
				"north": {"uv": [0, 5, 16, 9], "texture": "#6"},
				"east": {"uv": [0, 5, 16, 9], "texture": "#6"},
				"south": {"uv": [0, 0, 16, 4], "texture": "#6"},
				"west": {"uv": [0, 0, 16, 4], "texture": "#6"},
				"up": {"uv": [0, 0, 16, 16], "rotation": 180, "texture": "#6"},
				"down": {"uv": [0, 0, 16, 16], "rotation": 180, "texture": "#6"}
			}
		},
		{
			"from": [12.10069, 1.4, -2.42714],
			"to": [12.30069, 1.5, -1.62714],
			"rotation": {"angle": -22.5, "axis": "y", "origin": [8.9233, 1.525, 6.43405]},
			"faces": {
				"north": {"uv": [0, 0, 16, 4], "texture": "#6"},
				"east": {"uv": [0, 5, 16, 9], "texture": "#6"},
				"south": {"uv": [0, 5, 16, 9], "texture": "#6"},
				"west": {"uv": [0, 0, 16, 4], "texture": "#6"},
				"up": {"uv": [0, 0, 16, 16], "rotation": 270, "texture": "#6"},
				"down": {"uv": [0, 0, 16, 16], "rotation": 90, "texture": "#6"}
			}
		},
		{
			"from": [12.8, 1.2, 6.8],
			"to": [15.8, 2.2, 7.8],
			"rotation": {"angle": 45, "axis": "y", "origin": [8.58792, 1.8, 8.80245]},
			"faces": {
				"north": {"uv": [0, 0, 16, 16], "texture": "#6"},
				"east": {"uv": [0, 0, 16, 16], "texture": "#6"},
				"south": {"uv": [0, 0, 16, 16], "texture": "#6"},
				"west": {"uv": [0, 0, 16, 16], "texture": "#6"},
				"up": {"uv": [0, 0, 16, 3], "texture": "#6"},
				"down": {"uv": [0, 0, 16, 16], "texture": "#6"}
			}
		},
		{
			"from": [9.07191, 1.2, 4.47045],
			"to": [10.07191, 2.2, 7.47045],
			"rotation": {"angle": -45, "axis": "y", "origin": [10.07191, 1.7, 5.97045]},
			"faces": {
				"north": {"uv": [0, 0, 16, 16], "texture": "#6"},
				"east": {"uv": [0, 0, 16, 16], "texture": "#6"},
				"south": {"uv": [0, 0, 16, 16], "texture": "#6"},
				"west": {"uv": [0, 0, 16, 16], "texture": "#6"},
				"up": {"uv": [0, 6, 16, 10], "rotation": 270, "texture": "#6"},
				"down": {"uv": [0, 0, 16, 16], "rotation": 90, "texture": "#6"}
			}
		},
		{
			"from": [7.07192, 1.2, 7.87045],
			"to": [8.07192, 2.2, 10.87045],
			"rotation": {"angle": -45, "axis": "y", "origin": [9.57192, 1.7, 8.67045]},
			"faces": {
				"north": {"uv": [0, 0, 16, 16], "texture": "#6"},
				"east": {"uv": [0, 0, 16, 16], "texture": "#6"},
				"south": {"uv": [0, 0, 16, 16], "texture": "#6"},
				"west": {"uv": [0, 0, 16, 16], "texture": "#6"},
				"up": {"uv": [0, 5, 16, 9], "rotation": 270, "texture": "#6"},
				"down": {"uv": [0, 0, 16, 16], "rotation": 90, "texture": "#6"}
			}
		},
		{
			"from": [5.25268, 1.2, 10.76248],
			"to": [6.25268, 2.2, 13.76248],
			"rotation": {"angle": -45, "axis": "y", "origin": [8.65268, 1.7, 10.86248]},
			"faces": {
				"north": {"uv": [0, 0, 16, 16], "texture": "#6"},
				"east": {"uv": [0, 0, 16, 16], "texture": "#6"},
				"south": {"uv": [0, 0, 16, 16], "texture": "#6"},
				"west": {"uv": [0, 0, 16, 16], "texture": "#6"},
				"up": {"uv": [0, 10, 16, 13], "rotation": 270, "texture": "#6"},
				"down": {"uv": [0, 0, 16, 16], "rotation": 90, "texture": "#6"}
			}
		},
		{
			"from": [3.49413, 1.2, 12.5912],
			"to": [4.49413, 2.2, 15.5912],
			"rotation": {"angle": -45, "axis": "y", "origin": [6.39413, 1.7, 12.3912]},
			"faces": {
				"north": {"uv": [0, 0, 16, 16], "texture": "#6"},
				"east": {"uv": [0, 0, 16, 16], "texture": "#6"},
				"south": {"uv": [0, 0, 16, 16], "texture": "#6"},
				"west": {"uv": [0, 0, 16, 16], "texture": "#6"},
				"up": {"uv": [0, 2, 16, 5], "rotation": 270, "texture": "#6"},
				"down": {"uv": [0, 0, 16, 16], "rotation": 90, "texture": "#6"}
			}
		},
		{
			"from": [-0.06864, 1.2, 11.5838],
			"to": [2.93136, 2.2, 12.5838],
			"rotation": {"angle": 45, "axis": "y", "origin": [3.73136, 1.7, 12.9838]},
			"faces": {
				"north": {"uv": [0, 0, 16, 16], "texture": "#6"},
				"east": {"uv": [0, 0, 16, 16], "texture": "#6"},
				"south": {"uv": [0, 0, 16, 16], "texture": "#6"},
				"west": {"uv": [0, 0, 16, 16], "texture": "#6"},
				"up": {"uv": [0, 7, 16, 11], "texture": "#6"},
				"down": {"uv": [0, 0, 16, 16], "texture": "#6"}
			}
		},
		{
			"from": [-2.93476, 1.3, 13.39697],
			"to": [-0.03476, 2.1, 14.19697],
			"rotation": {"angle": 45, "axis": "y", "origin": [1.61524, 1.7, 13.79697]},
			"faces": {
				"north": {"uv": [0, 0, 16, 16], "texture": "#6"},
				"east": {"uv": [0, 0, 16, 16], "texture": "#6"},
				"south": {"uv": [0, 0, 16, 16], "texture": "#6"},
				"west": {"uv": [0, 0, 16, 16], "texture": "#6"},
				"up": {"uv": [0.1, 7, 16, 11], "texture": "#6"},
				"down": {"uv": [0, 0, 16, 16], "texture": "#6"}
			}
		},
		{
			"from": [-8.56928, 1.4, 6.97285],
			"to": [-5.66928, 2, 7.57285],
			"rotation": {"angle": 45, "axis": "y", "origin": [8.1233, 1.625, 7.23405]},
			"faces": {
				"north": {"uv": [0, 0, 16, 16], "texture": "#6"},
				"east": {"uv": [0, 0, 16, 16], "texture": "#6"},
				"south": {"uv": [0, 0, 16, 16], "texture": "#6"},
				"west": {"uv": [0, 0, 16, 16], "texture": "#6"},
				"up": {"uv": [0.1, 7, 16, 11], "texture": "#6"},
				"down": {"uv": [0, 0, 16, 16], "texture": "#6"}
			}
		}
	],
	"display": {
		"thirdperson_righthand": {
			"rotation": [79.5, 0, 6.25],
			"translation": [-9.75, -6.75, 4.5],
			"scale": [3, 3, 3]
		},
		"head": {
			"rotation": [0, 43, 0],
			"translation": [0, -20.5, 9.75],
			"scale": [3, 3, 3]
		}
	},
	"groups": [
		{
			"name": "Kopf",
			"origin": [0, 0, 0],
			"color": 0,
			"children": [0, 1, 2, 3, 4, 5]
		},
		{
			"name": "Körper",
			"origin": [0, 0, 0],
			"color": 0,
			"children": [6, 7, 8, 9, 10, 11, 12, 13]
		}
	]
}